row_index,Revenue,score,distance_to_0.5
6,0,0.00331003584229,0.496689964158
8,0,0.00447258901041,0.49552741099
10,0,0.0500181855182,0.449981814482
12,0,0.0165278212699,0.48347217873
13,0,0.0059766175319,0.494023382468
18,0,0.001086026738,0.498913973262
19,0,0.156011392495,0.343988607505
23,0,0.00808313347195,0.491916866528
28,0,0.00673069016397,0.493269309836
30,0,0.00436721122015,0.49563278878
31,0,0.00710590921126,0.492894090789
33,0,0.0194864851461,0.480513514854
41,0,0.00844426524661,0.491555734753
46,0,0.0170581342694,0.482941865731
47,0,0.0130192440251,0.486980755975
50,0,0.00373423423423,0.496265765766
58,0,0.00402550061667,0.495974499383
72,0,0.00150532443232,0.498494675568
79,0,0.000735735735736,0.499264264264
84,0,0.00320313774096,0.496796862259
86,0,0.00741336872295,0.492586631277
91,0,0.00633894402916,0.493661055971
93,0,0.461193005129,0.0388069948709
95,0,0.00160529553152,0.498394704468
101,1,0.166742435036,0.333257564964
103,0,0.199848052773,0.300151947227
108,0,0.00847372589852,0.491526274101
110,0,0.0397695906426,0.460230409357
112,0,0,0.5
115,0,0.0767175439812,0.423282456019
117,0,0.0274913287584,0.472508671242
118,0,0.0173964351803,0.48260356482
126,0,0.0352490564266,0.464750943573
127,0,0.0107570061517,0.489242993848
133,0,0.076947423975,0.423052576025
140,0,0.00748006130985,0.49251993869
143,0,0.000502604451606,0.499497395548
148,0,0.0450529047307,0.454947095269
156,0,0.00976475077412,0.490235249226
167,0,0.00195942339247,0.498040576608
169,0,0.116238209932,0.383761790068
171,0,0.0213457265359,0.478654273464
181,0,0.00232832832833,0.497671671672
182,0,0.00391724777929,0.496082752221
189,0,0.166396380028,0.333603619972
217,0,0.161024485695,0.338975514305
218,0,0.0147813496417,0.485218650358
219,0,0.0135504158327,0.486449584167
221,0,0.00047640922516,0.499523590775
222,0,0.0002505439293,0.499749456071
224,0,0.231648133488,0.268351866512
227,0,0.0368475832647,0.463152416735
238,0,0.080803609491,0.419196390509
245,0,0.0439301884272,0.456069811573
249,0,0.236745665582,0.263254334418
255,0,0.150732434219,0.349267565781
258,0,0.118614986565,0.381385013435
265,1,0.301406417691,0.198593582309
267,0,0.010154099755,0.489845900245
271,0,0.00756196727298,0.492438032727
279,0,0.0331196453451,0.466880354655
280,0,0.0108630662091,0.489136933791
281,1,0.123129394438,0.376870605562
285,0,0.0745694615408,0.425430538459
292,0,0.0426275993733,0.457372400627
295,1,0.0586642473205,0.44133575268
306,0,0.00136767443344,0.498632325567
313,0,0.195868399212,0.304131600788
321,0,0.0178658784422,0.482134121558
325,0,0.0362135014802,0.46378649852
327,0,0.0257304108061,0.474269589194
328,0,0.0481373851866,0.451862614813
329,0,0.0529291594826,0.447070840517
330,0,0.0002505439293,0.499749456071
336,0,0.0851613154947,0.414838684505
344,0,0.00180965785401,0.498190342146
347,0,0.108345094282,0.391654905718
348,0,0.29899008193,0.20100991807
350,0,0.19779841017,0.30220158983
351,0,0.0143490390637,0.485650960936
360,0,0.151622032814,0.348377967186
361,0,0.0205435355621,0.479456464438
371,0,0.0213685035843,0.478631496416
376,0,0.098877805538,0.401122194462
378,0,0.0400376106841,0.459962389316
380,0,0.0052938347056,0.494706165294
382,0,0.11103652507,0.38896347493
391,0,0.00961718112352,0.490382818876
393,0,0.146483243824,0.353516756176
397,0,0.256852321138,0.243147678862
400,1,0.167355585411,0.332644414589
401,0,0.0272051934547,0.472794806545
405,0,0.12448671588,0.37551328412
408,1,0.235865496684,0.264134503316
412,0,0.130400264302,0.369599735698
419,0,0.0167997627342,0.483200237266
420,0,0.258371579958,0.241628420042
427,0,0.0228913170726,0.477108682927
429,0,0.0161719158468,0.483828084153
447,0,0.131790604921,0.368209395079
448,0,0.116785489691,0.383214510309
452,0,0.0133473173197,0.48665268268
459,0,0.143070370582,0.356929629418
468,0,0.00682122653224,0.493178773468
470,0,0.106421411627,0.393578588373
475,0,0.134639673941,0.365360326059
478,0,0.129707488957,0.370292511043
479,0,0.000351702508961,0.499648297491
480,0,0.0920172507616,0.407982749238
481,0,0.0154650999271,0.484534900073
483,0,0.0002505439293,0.499749456071
504,0,0.238450466086,0.261549533914
506,0,0.0841860412441,0.415813958756
510,1,0.400282121376,0.0997178786235
515,0,0.00182540310031,0.4981745969
517,0,0.176331897555,0.323668102445
520,0,0.0067447261733,0.493255273827
522,0,0.0280272285055,0.471972771494
523,0,0.0690810761262,0.430918923874
525,0,0.0836146692787,0.416385330721
527,0,0.0721297072922,0.427870292708
537,0,0.0182986765412,0.481701323459
538,0,0.00655692686086,0.493443073139
540,0,0.0002505439293,0.499749456071
541,0,0.0951793379399,0.40482066206
545,0,0.254755892178,0.245244107822
556,0,0.293888410498,0.206111589502
559,0,0.0480925296448,0.451907470355
562,0,0.00500851707795,0.494991482922
573,0,0.0271262754849,0.472873724515
579,0,0.172044713442,0.327955286558
581,0,0.0346562724299,0.46534372757
585,0,0.00308256647511,0.496917433525
596,0,0.00318895366108,0.496811046339
608,0,0.0250514942217,0.474948505778
619,0,0.316596056786,0.183403943214
625,0,0.206382731708,0.293617268292
627,0,0.119933941446,0.380066058554
634,0,0.0595367240842,0.440463275916
642,0,0.0942089052557,0.405791094744
645,0,0.0202970752224,0.479702924778
646,0,0.059132256049,0.440867743951
648,0,0.184147238254,0.315852761746
659,0,0.00682122653224,0.493178773468
660,0,0.134197443234,0.365802556766
662,0,0.0452220822425,0.454777917758
666,0,0.00814407709594,0.491855922904
671,0,0.00056062144868,0.499439378551
679,0,0.00924379758922,0.490756202411
684,0,0.011482036482,0.488517963518
685,0,0.103203470985,0.396796529015
687,0,0.00551808609606,0.494481913904
690,0,0.0106279205719,0.489372079428
692,0,0.228071104031,0.271928895969
695,1,0.216330272357,0.283669727643
705,0,0.0161683671108,0.483831632889
713,0,0.010344692635,0.489655307365
717,0,0.20427454956,0.29572545044
718,0,0.0002505439293,0.499749456071
725,0,0.016141899713,0.483858100287
726,0,0.151727318413,0.348272681587
729,0,0.0135619914955,0.486438008504
742,0,0.173198756396,0.326801243604
744,0,0.357883922142,0.142116077858
750,1,0.105862042183,0.394137957817
759,0,0.165703658714,0.334296341286
760,1,0.241788795932,0.258211204068
766,0,0.0310233405483,0.468976659452
768,0,0.143568553846,0.356431446154
770,0,0.186477178993,0.313522821007
773,0,0.300132226117,0.199867773883
777,0,0.192252243343,0.307747756657
778,0,0.169599842272,0.330400157728
779,1,0.147786026327,0.352213973673
783,1,0.259624247846,0.240375752154
784,0,0.0817119377989,0.418288062201
787,0,0.213613063998,0.286386936002
792,0,0.241035169545,0.258964830455
799,0,0.406372718646,0.0936272813537
800,0,0.139198581257,0.360801418743
806,0,0.157813060717,0.342186939283
808,0,0.0630864343744,0.436913565626
812,0,0.0204847907872,0.479515209213
813,1,0.0308057102889,0.469194289711
817,0,0.0815097095098,0.41849029049
818,0,0.0768622763368,0.423137723663
840,0,0.216445434994,0.283554565006
845,1,0.37971217362,0.12028782638
847,0,0.0146667617571,0.485333238243
851,0,0.210782274289,0.289217725711
856,0,0.0764219292387,0.423578070761
865,0,0.0211738937547,0.478826106245
872,0,0.0002505439293,0.499749456071
879,0,0.0198948999286,0.480105100071
885,0,0.0317459632606,0.468254036739
886,0,0.11325979329,0.38674020671
891,0,0.196931102832,0.303068897168
893,0,0.0525308211871,0.447469178813
899,0,0.0433128099497,0.45668719005
902,0,0.0386353661324,0.461364633868
905,1,0.305233915254,0.194766084746
925,0,0.207140425661,0.292859574339
932,0,0.300325772443,0.199674227557
934,0,0.0831485065902,0.41685149341
938,0,0.0644737004787,0.435526299521
940,0,0.274706387863,0.225293612137
950,0,0.11260454551,0.38739545449
952,0,0.156963576311,0.343036423689
955,0,0.266224252226,0.233775747774
959,0,0.0156929742897,0.48430702571
962,0,0.0862748927079,0.413725107292
967,0,0.109079640997,0.390920359003
973,0,0.0150931967379,0.484906803262
982,0,0.184042979663,0.315957020337
988,0,0.0134607425844,0.486539257416
997,0,0.0225833123082,0.477416687692
1004,0,0.01965496818,0.48034503182
1008,0,0.00320651116456,0.496793488835
1016,0,0.147662545977,0.352337454023
1021,0,0.322187584594,0.177812415406
1028,0,0.00121670226467,0.498783297735
1032,1,0.162172751965,0.337827248035
1037,0,0.257253409086,0.242746590914
1040,0,0.166654787365,0.333345212635
1056,0,0.157058687989,0.342941312011
1057,0,0.0808264652667,0.419173534733
1059,0,0.000814927946232,0.499185072054
1064,0,0.192918477305,0.307081522695
1065,0,0.0063350932637,0.493664906736
1071,0,0.0247620281204,0.47523797188
1074,0,0.00654290861234,0.493457091388
1085,0,0.115664666509,0.384335333491
1099,0,0.0334647257471,0.466535274253
1114,0,0.00756314668283,0.492436853317
1116,0,0.00258759407348,0.497412405927
1117,0,0.212959126456,0.287040873544
1120,0,0.0132980152118,0.486701984788
1123,0,0.000350623061638,0.499649376938
1129,0,0.21231912941,0.28768087059
1137,0,0.190193504366,0.309806495634
1138,0,0.204242011932,0.295757988068
1143,0,0.00126906244782,0.498730937552
1155,0,0.000991284670041,0.49900871533
1156,0,0.0910837247205,0.40891627528
1167,0,0.125594241153,0.374405758847
1182,1,0.339403542872,0.160596457128
1188,1,0.30006189141,0.19993810859
1190,0,0.14084290633,0.35915709367
1196,0,0.130988293453,0.369011706547
1197,0,0.00831500449233,0.491684995508
1207,0,0.336848162448,0.163151837552
1213,0,0.0002505439293,0.499749456071
1218,0,0.348679709741,0.151320290259
1222,0,0.0243229444985,0.475677055501
1226,0,0.254625891549,0.245374108451
1227,0,0.0197872108438,0.480212789156
1228,0,0.0821905253211,0.417809474679
1240,0,0.0104223117611,0.489577688239
1260,0,0.0311274872198,0.46887251278
1261,0,0.0177465080614,0.482253491939
1268,0,0.297740748439,0.202259251561
1269,0,0.00273492235464,0.497265077645
1270,0,0.0244557345457,0.475544265454
1285,0,0.0002505439293,0.499749456071
1288,0,0.075736013682,0.424263986318
1291,0,0.000350623061638,0.499649376938
1292,0,0.129899476258,0.370100523742
1295,0,0.00133241527433,0.498667584726
1300,0,0.0205546147119,0.479445385288
1301,0,0.244324399891,0.255675600109
1302,0,0.379803767319,0.120196232681
1316,0,0.0940217560187,0.405978243981
1320,0,0.242139605055,0.257860394945
1326,0,0.330060815617,0.169939184383
1328,1,0.22807882259,0.27192117741
1330,0,0.0995257758213,0.400474224179
1334,0,0.190890383206,0.309109616794
1338,1,0.0629677504772,0.437032249523
1345,0,0.113472494776,0.386527505224
1346,0,0.372267619315,0.127732380685
1348,0,0.0318613639763,0.468138636024
1357,0,0.0923705937311,0.407629406269
1361,0,0.201679644924,0.298320355076
1376,0,0.173391938942,0.326608061058
1377,0,0.212010866839,0.287989133161
1380,0,0.015503152187,0.484496847813
1383,0,0.107015918703,0.392984081297
1387,0,0.0461082469484,0.453891753052
1388,1,0.218731976763,0.281268023237
1391,0,0.130164324847,0.369835675153
1395,0,0.00949261268888,0.490507387311
1398,0,0.232122376455,0.267877623545
1402,0,0.0279717911554,0.472028208845
1403,0,0.405113081329,0.0948869186707
1405,0,0.0971974761369,0.402802523863
1411,0,0.0366973827684,0.463302617232
1412,0,0.000760879471894,0.499239120528
1421,0,0.111690600654,0.388309399346
1427,0,0.175763840175,0.324236159825
1430,0,0.0177077383945,0.482292261605
1436,0,0.0002505439293,0.499749456071
1451,0,0.0137852289323,0.486214771068
1454,0,0.0475453921422,0.452454607858
1456,0,0.0491047153627,0.450895284637
1460,0,0.046665078664,0.453334921336
1468,0,0.189111210197,0.310888789803
1470,1,0.282174516747,0.217825483253
1474,0,0.0391661333996,0.4608338666
1480,0,0.00459099299509,0.495409007005
1485,0,0.317171422599,0.182828577401
1486,0,0.0821469348311,0.417853065169
1488,0,0.0694423293492,0.430557670651
1490,1,0.293913506105,0.206086493895
1498,0,0.00131836499712,0.498681635003
1499,0,0.126393409104,0.373606590896
1503,0,0.132927601218,0.367072398782
1506,0,0.00349198396411,0.496508016036
1510,0,0.19804605499,0.30195394501
1525,0,0.139323859191,0.360676140809
1528,0,0.33089712085,0.16910287915
1540,0,0.131678153252,0.368321846748
1541,0,0.064609375224,0.435390624776
1552,1,0.233540198037,0.266459801963
1554,0,0.314281136173,0.185718863827
1557,0,0.113811524731,0.386188475269
1564,1,0.304151846393,0.195848153607
1581,0,0.0575108911035,0.442489108897
1586,1,0.0603326185154,0.439667381485
1590,0,0.00309774702459,0.496902252975
1594,0,0.0148976358311,0.485102364169
1597,0,0.144322463405,0.355677536595
1604,0,0.296604145117,0.203395854883
1606,0,0.0149817872398,0.48501821276
1607,0,0.117105988623,0.382894011377
1620,0,0.25226132221,0.24773867779
1632,0,0.0187681668879,0.481231833112
1633,0,0.0101254089068,0.489874591093
1639,0,0.198455552797,0.301544447203
1645,0,0.204520629773,0.295479370227
1653,0,0.0107098080906,0.489290191909
1658,0,0.05206272487,0.44793727513
1663,0,0.135269617508,0.364730382492
1665,0,0.122128881457,0.377871118543
1672,1,0.307616668809,0.192383331191
1676,0,0.123880124074,0.376119875926
1678,0,0.274440451887,0.225559548113
1697,0,0.000814927946232,0.499185072054
1704,0,0.0559283948024,0.444071605198
1710,0,0.186806048461,0.313193951539
1723,0,0.141651043261,0.358348956739
1730,0,0.00923683941368,0.490763160586
1737,0,0.0119452311094,0.488054768891
1739,0,0.165727972588,0.334272027412
1754,0,0.0229039163198,0.47709608368
1755,0,0.181352980656,0.318647019344
1761,1,0.263447272973,0.236552727027
1764,0,0.0267217028836,0.473278297116
1765,0,0.285537051058,0.214462948942
1768,0,0.165785319335,0.334214680665
1769,0,0.21334684034,0.28665315966
1772,0,0.0273879958366,0.472612004163
1774,1,0.0789364110351,0.421063588965
1781,1,0.315984258206,0.184015741794
1784,0,0.132225962313,0.367774037687
1787,1,0.129463806212,0.370536193788
1797,0,0.0529076934949,0.447092306505
1802,0,0.0596937415795,0.44030625842
1808,0,0.0229011261246,0.477098873875
1809,0,0.160107231059,0.339892768941
1822,0,0.335459838051,0.164540161949
1834,0,0.169740777643,0.330259222357
1836,0,0.0976388040174,0.402361195983
1840,0,0.140502017078,0.359497982922
1841,0,0.114964528964,0.385035471036
1851,0,0.371244617877,0.128755382123
1855,0,0.325877231038,0.174122768962
1857,0,0.332918978743,0.167081021257
1859,0,0.0933590991619,0.406640900838
1865,0,0.103804930528,0.396195069472
1884,0,0.0748546907642,0.425145309236
1888,0,0.191711931006,0.308288068994
1892,0,0.279199683115,0.220800316885
1893,0,0.00561794591592,0.494382054084
1898,0,0.0535688600094,0.446431139991
1908,0,0.0734246159134,0.426575384087
1909,0,0.0291579122478,0.470842087752
1917,0,0.244123220251,0.255876779749
1920,0,0.207794153592,0.292205846408
1921,0,0.208493225647,0.291506774353
1926,0,0.0896205839745,0.410379416026
1940,0,0.0890546067636,0.410945393236
1957,0,0.380155062906,0.119844937094
1968,1,0.0996787583763,0.400321241624
1972,0,0.0713227749304,0.42867722507
1974,0,0.00239072965828,0.497609270342
1980,0,0.00814253147562,0.491857468524
1992,0,0.238725907033,0.261274092967
1994,0,0.126053431421,0.373946568579
2001,1,0.272996106608,0.227003893392
2003,0,0.0259045983269,0.474095401673
2004,0,0.284883355918,0.215116644082
2008,0,0.278119572117,0.221880427883
2009,0,0.00339031339031,0.49660968661
2016,0,0.280528766103,0.219471233897
2022,0,0.0646415950297,0.43535840497
2023,0,0.00397624953995,0.49602375046
2024,1,0.195874518728,0.304125481272
2029,0,0.00224236095338,0.497757639047
2032,0,0.234213997735,0.265786002265
2033,0,0.143395237298,0.356604762702
2036,0,0.117420286608,0.382579713392
2037,0,0.00152512238312,0.498474877617
2040,0,0.145124712412,0.354875287588
2041,0,0.191090781856,0.308909218144
2049,0,0.203104783666,0.296895216334
2056,0,0.0002505439293,0.499749456071
2066,1,0.207063520437,0.292936479563
2072,1,0.164907898647,0.335092101353
2076,1,0.0650809782937,0.434919021706
2077,0,0.145722559586,0.354277440414
2080,0,0.244872685743,0.255127314257
2082,0,0.02151513277,0.47848486723
2084,1,0.162852811387,0.337147188613
2087,0,0.1658315363,0.3341684637
2093,1,0.250810890569,0.249189109431
2099,0,0.148764639685,0.351235360315
2109,0,0.232415611356,0.267584388644
2117,0,0.0125098965657,0.487490103434
2141,0,0.0193705940889,0.480629405911
2142,0,0.000888888888889,0.499111111111
2145,0,0.0363366536169,0.463663346383
2152,0,0.249167743563,0.250832256437
2172,0,0.000851777330651,0.499148222669
2190,0,0.0964303143944,0.403569685606
2194,0,0.0236417649959,0.476358235004
2199,0,0.04909550455,0.45090449545
2203,0,0.156188381361,0.343811618639
2204,0,0.172796609933,0.327203390067
2208,0,0.182876059013,0.317123940987
2226,0,0.0522148418424,0.447785158158
2233,0,0.00648697546652,0.493513024533
2239,0,0.0552307611537,0.444769238846
2259,1,0.306975514073,0.193024485927
2262,0,0.129229029136,0.370770970864
2272,0,0.000283687943262,0.499716312057
2273,0,0.230801468472,0.269198531528
2274,0,0.180278699494,0.319721300506
2286,0,0.0221265329216,0.477873467078
2290,1,0.100521245829,0.399478754171
2292,0,0.145707388965,0.354292611035
2308,0,0.114964712411,0.385035287589
2316,0,0.101928213317,0.398071786683
2322,0,0.20323598818,0.29676401182
2324,0,0.0432736538016,0.456726346198
2327,0,0.169918144724,0.330081855276
2338,0,0.166714881946,0.333285118054
2340,1,0.120530675444,0.379469324556
2345,0,0.00230599845203,0.497694001548
2347,0,0.130934835244,0.369065164756
2348,0,0.148889237115,0.351110762885
2349,0,0.0985766623151,0.401423337685
2353,0,0.0333334978278,0.466666502172
2360,1,0.22289228377,0.27710771623
2365,0,0.0371350552012,0.462864944799
2366,0,0.132156337637,0.367843662363
2376,0,0.174121841432,0.325878158568
2378,0,0.0737800168619,0.426219983138
2389,0,0.0963940076102,0.40360599239
2390,0,0.112502194782,0.387497805218
2391,0,0.258224278132,0.241775721868
2395,1,0.207658961994,0.292341038006
2405,0,0.186080178569,0.313919821431
2412,1,0.351584028276,0.148415971724
2416,0,0.0261673263318,0.473832673668
2420,0,6.94444444444e-05,0.499930555556
2424,0,0.0485463701538,0.451453629846
2430,0,0.00849811289453,0.491501887105
2431,0,0.00651294762526,0.493487052375
2441,0,0.164143532408,0.335856467592
2449,0,0.0367163123824,0.463283687618
2459,0,0.0601059796721,0.439894020328
2463,0,0.0187713631643,0.481228636836
2466,1,0.455328026464,0.0446719735356
2485,0,0.00821125624163,0.491788743758
2491,0,0.0634973937307,0.436502606269
2493,0,0.114941077214,0.385058922786
2494,0,0.0289153211052,0.471084678895
2495,0,0.0184210165884,0.481578983412
2498,0,0.00223895926053,0.497761040739
2503,0,0.173788177456,0.326211822544
2516,0,0.107273307621,0.392726692379
2521,0,0.00553644118637,0.494463558814
2524,0,0.0965714454164,0.403428554584
2525,0,0.130184593814,0.369815406186
2526,0,0.157263095626,0.342736904374
2529,1,0.288190626209,0.211809373791
2533,0,0,0.5
2535,0,0.162478441534,0.337521558466
2539,1,0.230671730001,0.269328269999
2542,0,0.140547377507,0.359452622493
2545,0,0.0482995354699,0.45170046453
2547,0,0.0480332154069,0.451966784593
2552,0,0.0345046116131,0.465495388387
2554,0,0.00194395178794,0.498056048212
2555,0,0.32136930348,0.17863069652
2560,0,0.236432649728,0.263567350272
2563,0,0.0521757563381,0.447824243662
2565,0,0.0270006985277,0.472999301472
2566,0,0.220278712341,0.279721287659
2574,0,0.0179824128135,0.482017587186
2582,0,0.0896573298664,0.410342670134
2601,0,0.138030840014,0.361969159986
2602,1,0.280170469284,0.219829530716
2605,0,0.0339020506802,0.46609794932
2608,0,0.116808216981,0.383191783019
2611,0,0.0172820443085,0.482717955692
2616,0,0.198696990636,0.301303009364
2619,0,0.00116366936846,0.498836330632
2623,1,0.219097657201,0.280902342799
2627,0,0.0497173525806,0.450282647419
2636,0,0.163254012003,0.336745987997
2638,0,0.00329148664805,0.496708513352
2641,0,0.00329788568919,0.496702114311
2661,0,0.0633789801973,0.436621019803
2662,1,0.0779528774624,0.422047122538
2667,0,0.0156138375008,0.484386162499
2669,1,0.128523268371,0.371476731629
2675,0,0.27434832331,0.22565167669
2676,0,0.000625966183575,0.499374033816
2677,0,0.0659924938686,0.434007506131
2680,0,0.011994687943,0.488005312057
2684,0,0.0747656278879,0.425234372112
2712,0,0.00154745484401,0.498452545156
2728,0,0.0783403931134,0.421659606887
2734,0,0.0044295544095,0.49557044559
2735,0,0.133458950962,0.366541049038
2738,0,0.154918260745,0.345081739255
2745,0,0.181410753693,0.318589246307
2747,0,0.0288552410608,0.471144758939
2748,0,0.0265773168811,0.473422683119
2750,0,0.317947040679,0.182052959321
2753,0,0.000653594771242,0.499346405229
2765,1,0.145231817723,0.354768182277
2769,1,0.39046612275,0.10953387725
2779,1,0.201911125424,0.298088874576
2783,0,0.167980578033,0.332019421967
2785,1,0.0458762584476,0.454123741552
2787,0,0.0501736979371,0.449826302063
2795,0,0.0685376243639,0.431462375636
2800,0,0.000639730639731,0.49936026936
2802,0,0.0762969595718,0.423703040428
2804,0,0.0080775379713,0.491922462029
2813,1,0.165448320103,0.334551679897
2827,0,0.0724386974037,0.427561302596
2830,0,0.000992965367965,0.499007034632
2834,0,0.176989230356,0.323010769644
2852,0,0.0676045755892,0.432395424411
2858,0,0.0545828859637,0.445417114036
2859,0,0.211268088829,0.288731911171
2862,0,0.16012889725,0.33987110275
2865,0,0.078382852106,0.421617147894
2871,0,0.100915900512,0.399084099488
2875,0,0.107112232756,0.392887767244
2889,0,0.0262961618242,0.473703838176
2890,0,0.143905868545,0.356094131455
2895,0,0.0636195621017,0.436380437898
2915,0,0.0993175706098,0.40068242939
2918,0,0.0530448236861,0.446955176314
2922,0,0.208316639432,0.291683360568
2930,0,0.0720337395289,0.427966260471
2946,0,0.0126837421837,0.487316257816
2948,0,0.000740740740741,0.499259259259
2952,0,0.119451744628,0.380548255372
2953,0,0.0199425486115,0.480057451389
2954,0,0.0518831533987,0.448116846601
2958,0,0.0818398505408,0.418160149459
2964,0,0.0850519137715,0.414948086229
2965,0,0.184883923023,0.315116076977
2975,1,0.0816172589111,0.418382741089
2977,0,0.00443383304291,0.495566166957
2983,0,0.030142191119,0.469857808881
2987,0,0.257488193094,0.242511806906
2988,0,0.145108389422,0.354891610578
3000,0,0.167996031151,0.332003968849
3001,0,0.280026937937,0.219973062063
3002,0,0.076922228379,0.423077771621
3016,0,0.0442017781645,0.455798221836
3020,0,0.00950195698171,0.490498043018
3031,0,0.235547095084,0.264452904916
3033,0,0.127335748592,0.372664251408
3035,0,0.179735690381,0.320264309619
3041,0,0.113548420498,0.386451579502
3045,0,0.0490741836353,0.450925816365
3052,0,0.302617277173,0.197382722827
3062,0,0.0717462273737,0.428253772626
3070,0,0.373551999194,0.126448000806
3071,0,0.0556668677906,0.444333132209
3086,0,0.0298848722328,0.470115127767
3090,0,0.00240943730599,0.497590562694
3098,0,0.131205217414,0.368794782586
3100,0,0.000167483660131,0.49983251634
3106,0,0.0229998143963,0.477000185604
3112,0,0.00525451998981,0.49474548001
3117,0,0.23656724124,0.26343275876
3122,0,0.170813539135,0.329186460865
3126,0,0.00708500373493,0.492914996265
3135,0,0.0114497096375,0.488550290362
3136,0,0,0.5
3144,0,0.184158742255,0.315841257745
3151,0,0.0186810447444,0.481318955256
3154,0,0.195355936194,0.304644063806
3156,0,0.240246876598,0.259753123402
3159,0,0.0256988811185,0.474301118881
3161,0,0.0671336771759,0.432866322824
3165,0,0.0790279236626,0.420972076337
3166,0,0.014327455845,0.485672544155
3183,0,0.0303810325504,0.46961896745
3187,0,0.000141843971631,0.499858156028
3190,1,0.282757069573,0.217242930427
3199,0,0.0766197862676,0.423380213732
3207,0,0.299163621063,0.200836378937
3216,0,0.21559653324,0.28440346676
3223,0,0.00797710079979,0.4920228992
3226,0,0.222616450374,0.277383549626
3233,0,0.249527905426,0.250472094574
3234,0,0.169717184385,0.330282815615
3238,0,0.0962913139806,0.403708686019
3240,1,0.191265986283,0.308734013717
3242,0,0.149361072914,0.350638927086
3249,0,0.0313828927593,0.468617107241
3250,0,0.0141962031207,0.485803796879
3257,0,0.00878303939211,0.491216960608
3260,0,0.222411480075,0.277588519925
3262,0,0.0177465619656,0.482253438034
3272,0,0.000740740740741,0.499259259259
3274,0,0.0453269249384,0.454673075062
3276,0,0.258220693049,0.241779306951
3279,0,0.0541358883672,0.445864111633
3280,0,0.174594316776,0.325405683224
3283,0,0.004791688335,0.495208311665
3291,0,0.067294414907,0.432705585093
3298,0,0.0424571805769,0.457542819423
3300,0,0.046197701746,0.453802298254
3303,0,0.188641521791,0.311358478209
3313,0,0.121844229453,0.378155770547
3319,0,0.00137882739303,0.498621172607
3328,0,0.162825970349,0.337174029651
3331,0,0.00103815937149,0.498961840629
3337,0,0.337229457758,0.162770542242
3340,1,0.236138896448,0.263861103552
3356,0,0.0848216377948,0.415178362205
3360,1,0.154969839182,0.345030160818
3362,0,0.0422271603676,0.457772839632
3367,0,0.00164002345332,0.498359976547
3369,0,0.256056959398,0.243943040602
3370,0,0.155246877682,0.344753122318
3371,0,0.166139623832,0.333860376168
3372,0,0.094663816206,0.405336183794
3379,0,0.0964855846645,0.403514415336
3384,0,0.170811571957,0.329188428043
3385,0,0.0555662339609,0.444433766039
3391,0,0.00740320052861,0.492596799471
3407,0,0.102085091909,0.397914908091
3410,0,0.216544592878,0.283455407122
3426,0,0.262542043412,0.237457956588
3430,1,0.176320749851,0.323679250149
3433,0,0.0406697511333,0.459330248867
3437,0,0.063265032322,0.436734967678
3440,0,0.0194112554113,0.480588744589
3442,0,0.324471497011,0.175528502989
3443,0,0.186472031463,0.313527968537
3451,0,0.0619165768951,0.438083423105
3465,0,0.00126873897707,0.498731261023
3467,0,0.178977893074,0.321022106926
3477,0,0.066552285796,0.433447714204
3479,0,0.0932165051954,0.406783494805
3494,0,0.0751512302584,0.424848769742
3496,0,0.00115688160101,0.498843118399
3500,0,0.170238864649,0.329761135351
3502,0,0.028135407475,0.471864592525
3512,1,0.315626773151,0.184373226849
3514,1,0.350363789643,0.149636210357
3516,0,0.253612632599,0.246387367401
3520,0,0.00676923076923,0.493230769231
3535,0,0.0908479599561,0.409152040044
3536,0,0.31007109308,0.18992890692
3538,0,0.0180752676713,0.481924732329
3552,0,0.0172887118247,0.482711288175
3554,0,0.0374462270609,0.462553772939
3555,0,0.236069937239,0.263930062761
3561,0,0.229983084282,0.270016915718
3563,0,0.232932647199,0.267067352801
3564,0,0.120891895912,0.379108104088
3572,0,0.0104954197827,0.489504580217
3584,0,0.0942395224013,0.405760477599
3587,0,0.138739230287,0.361260769713
3590,0,0.0116874744655,0.488312525534
3593,0,0.0665757120423,0.433424287958
3607,0,0.0121065815346,0.487893418465
3614,0,0.0275935758342,0.472406424166
3617,0,0.00761400105902,0.492385998941
3624,0,0.0166543209379,0.483345679062
3627,0,0.0385394515916,0.461460548408
3631,0,0.000892857142857,0.499107142857
3634,1,0.0964291059551,0.403570894045
3646,0,0.145729109709,0.354270890291
3650,0,0.00194395178794,0.498056048212
3655,0,0.248669724919,0.251330275081
3656,0,0.0177837221387,0.482216277861
3657,0,0.0103340868717,0.489665913128
3658,0,0.216538608947,0.283461391053
3664,1,0.0639987058821,0.436001294118
3671,0,0.00258273527179,0.497417264728
3672,0,0.0154952936129,0.484504706387
3675,0,0.0108375041562,0.489162495844
3690,0,0.25132484262,0.24867515738
3693,0,0.000851777330651,0.499148222669
3694,0,0.0449387608964,0.455061239104
3695,0,0.496650633208,0.00334936679189
3699,0,0.0751378193045,0.424862180696
3700,0,0.0782528813148,0.421747118685
3705,0,0.0757604620356,0.424239537964
3706,0,0.0568530768801,0.44314692312
3711,0,0.231137715426,0.268862284574
3714,1,0.0619303370326,0.438069662967
3715,0,0.106992819655,0.393007180345
3716,0,0.126681948848,0.373318051152
3722,0,0.0275634863841,0.472436513616
3733,0,0.0251510045985,0.474848995402
3734,0,0.0299515410996,0.4700484589
3736,0,0.0731272142403,0.42687278576
3740,0,0.208704331598,0.291295668402
3742,0,0.0210719107224,0.478928089278
3743,0,0.00682695248573,0.493173047514
3750,0,0.379269230458,0.120730769542
3755,0,0.0077423129471,0.492257687053
3756,0,0.27611459531,0.22388540469
3763,0,0.0108274111734,0.489172588827
3774,0,0.076043335506,0.423956664494
3781,0,0.284067999968,0.215932000032
3783,0,0.000956088664422,0.499043911336
3787,0,0.00429163082668,0.495708369173
3796,0,0.175780242665,0.324219757335
3810,0,0.210680707351,0.289319292649
3811,0,0.256422469239,0.243577530761
3825,1,0.211258946939,0.288741053061
3827,0,0.0509202323423,0.449079767658
3843,0,0.042948892869,0.457051107131
3846,0,0.218248313777,0.281751686223
3849,0,0.156518837864,0.343481162136
3852,0,0.203917937741,0.296082062259
3859,0,0.0833871313174,0.416612868683
3860,0,0.0672008517721,0.432799148228
3866,0,0.0210505556166,0.478949444383
3888,0,0.137694990216,0.362305009784
3889,0,0.111532293976,0.388467706024
3891,0,0.00116366936846,0.498836330632
3892,0,0.0949341048222,0.405065895178
3894,0,0.0767321264,0.4232678736
3896,1,0.163644923875,0.336355076125
3897,0,0.159990287906,0.340009712094
3898,1,0.174929538652,0.325070461348
3899,1,0.516983655423,0.0169836554233
3909,0,0.000681318681319,0.499318681319
3912,0,0.137592751276,0.362407248724
3917,1,0.16595660732,0.33404339268
3918,0,0.0527485183465,0.447251481654
3922,0,0.269441056347,0.230558943653
3924,0,0.0844462198972,0.415553780103
3929,0,0.120480885308,0.379519114692
3943,0,0.00837801999774,0.491621980002
3947,1,0.256887004798,0.243112995202
3948,0,0.0078798554701,0.49212014453
3951,1,0.528935819027,0.0289358190273
3952,0,0.141503557453,0.358496442547
3953,0,0.207827145721,0.292172854279
3955,0,0.128192335504,0.371807664496
3966,1,0.17767131376,0.32232868624
3973,0,0.0175660251398,0.48243397486
3978,1,0.122092965488,0.377907034512
3986,0,0.0327356945675,0.467264305432
3987,0,0.0443636831825,0.455636316817
3989,0,0.00873039446795,0.491269605532
3993,0,0.117493777823,0.382506222177
3994,0,0.0302492340564,0.469750765944
4002,1,0.498317913647,0.00168208635273
4003,0,0.00776499930276,0.492235000697
4007,0,0.187973324657,0.312026675343
4011,0,0.0272366573286,0.472763342671
4023,0,0.26950438618,0.23049561382
4025,0,0.0488202998427,0.451179700157
4041,0,0.0394420471902,0.46055795281
4045,0,0.0371179413686,0.462882058631
4047,0,0.0154177690415,0.484582230958
4048,1,0.214605904336,0.285394095664
4049,1,0.255368993039,0.244631006961
4050,1,0.210909565249,0.289090434751
4054,0,0.00134151785254,0.498658482147
4059,0,0.180608393394,0.319391606606
4060,0,0.180221038961,0.319778961039
4062,0,0.307029379048,0.192970620952
4067,0,0.275817781603,0.224182218397
4072,1,0.116325242819,0.383674757181
4078,0,0.0176200428121,0.482379957188
4082,0,0.271295856164,0.228704143836
4083,0,0.159243547152,0.340756452848
4086,0,0.0352951256649,0.464704874335
4100,0,0.188820822871,0.311179177129
4106,0,0.126519363434,0.373480636566
4117,0,0.0596612913037,0.440338708696
4121,0,0.0179709179972,0.482029082003
4122,1,0.140109143933,0.359890856067
4130,1,0.24085842778,0.25914157222
4133,0,0.142795729534,0.357204270466
4137,0,0.0576242656063,0.442375734394
4138,0,0.00730684033316,0.492693159667
4139,0,0.0334988944366,0.466501105563
4142,0,0.00851904551387,0.491480954486
4147,1,0.158609254761,0.341390745239
4151,0,0.0544414644814,0.445558535519
4155,0,0.0905232594393,0.409476740561
4157,0,0.180122158662,0.319877841338
4161,0,0.0361043782921,0.463895621708
4162,0,0.19606405856,0.30393594144
4164,0,0.0711027096633,0.428897290337
4167,0,0.033619503069,0.466380496931
4178,0,0.00157888407888,0.498421115921
4181,0,0.122178586124,0.377821413876
4187,0,0.11764565479,0.38235434521
4188,0,0.00430617095323,0.495693829047
4190,0,0.159520291007,0.340479708993
4194,0,0.296465710076,0.203534289924
4196,0,0.0288915470853,0.471108452915
4198,0,0.341819465338,0.158180534662
4204,0,0.0693396365413,0.430660363459
4206,0,0.145364990432,0.354635009568
4216,0,0.0893348563217,0.410665143678
4219,0,0.0849597023859,0.415040297614
4220,0,0.229793397515,0.270206602485
4231,0,0.00164002345332,0.498359976547
4264,0,0.00508745348219,0.494912546518
4267,0,0.0570668625273,0.442933137473
4270,0,0.0173848503844,0.482615149616
4276,0,0.168560245527,0.331439754473
4284,0,0.122537841368,0.377462158632
4286,0,0.247926629037,0.252073370963
4297,0,0.109947211067,0.390052788933
4298,0,0.00861844232418,0.491381557676
4300,0,0.351908341195,0.148091658805
4315,0,0.0738502403981,0.426149759602
4325,0,0.209529379967,0.290470620033
4338,0,0.0143401511965,0.485659848803
4340,0,0.0305671429038,0.469432857096
4343,0,0.000956088664422,0.499043911336
4344,0,0.0504049479855,0.449595052014
4350,0,0.090746349957,0.409253650043
4353,0,0.178922034705,0.321077965295
4356,0,0.0094935033068,0.490506496693
4369,0,0.0233161446494,0.476683855351
4370,1,0.168289992356,0.331710007644
4377,0,0.0248633642976,0.475136635702
4379,0,0.294299026782,0.205700973218
4392,0,0.187601363429,0.312398636571
4401,0,0.144507929373,0.355492070627
4408,0,0.30744714201,0.19255285799
4409,0,0.00188613042039,0.49811386958
4413,0,0.14869776197,0.35130223803
4419,0,0.141076275009,0.358923724991
4421,0,0.0829035284094,0.417096471591
4422,0,0.0220722163398,0.47792778366
4425,0,0.0401654545119,0.459834545488
4435,1,0.203774200572,0.296225799428
4439,0,0.0758007864917,0.424199213508
4442,1,0.329435921473,0.170564078527
4446,0,0.180989640088,0.319010359912
4447,1,0.194724854177,0.305275145823
4454,0,0.0593562894508,0.440643710549
4457,0,0.00436574074074,0.495634259259
4468,0,0.0626502045303,0.43734979547
4472,0,0.0905903065064,0.409409693494
4482,0,0.0760503058436,0.423949694156
4485,1,0.180817372172,0.319182627828
4490,0,0.228803810587,0.271196189413
4496,0,0.333589189305,0.166410810695
4511,0,0.12622441952,0.37377558048
4513,0,0.0762315076033,0.423768492397
4514,0,0.263560496506,0.236439503494
4516,0,0.138480958328,0.361519041672
4517,0,0.018040572073,0.481959427927
4518,0,0.0825899551954,0.417410044805
4527,0,0.116331794078,0.383668205922
4528,0,0.264499437818,0.235500562182
4533,0,0.00514494368373,0.494855056316
4540,0,0.188236438167,0.311763561833
4541,0,0.133703013323,0.366296986677
4547,0,0.133299174024,0.366700825976
4550,0,0.125836822832,0.374163177168
4557,0,0.0149136281836,0.485086371816
4562,0,0.0229754494085,0.477024550591
4566,0,0.30617555166,0.19382444834
4567,0,0.0513178937185,0.448682106282
4568,0,0.15985896212,0.34014103788
4571,0,0.0392914880801,0.46070851192
4573,0,0.133934017342,0.366065982658
4574,0,0.210937970746,0.289062029254
4575,0,0.0065858615149,0.493414138485
4579,0,0.170948321732,0.329051678268
4598,1,0.200447415826,0.299552584174
4603,0,0.16833373781,0.33166626219
4604,0,0.116062351278,0.383937648722
4623,1,0.0726285955712,0.427371404429
4628,0,0.063552766892,0.436447233108
4629,0,0.202621297354,0.297378702646
4640,0,0.00888888888889,0.491111111111
4644,0,0.0134137853308,0.486586214669
4646,0,0.194505097076,0.305494902924
4650,0,0.0238658335129,0.476134166487
4654,0,0.01775917138,0.48224082862
4657,1,0.479291764375,0.0207082356248
4660,0,0.0171260359015,0.482873964098
4665,0,0.0433049459129,0.456695054087
4671,0,0.0925413525205,0.407458647479
4679,1,0.160713790427,0.339286209573
4681,0,0.242009815512,0.257990184488
4687,0,0.223251824682,0.276748175318
4688,0,0.183544510551,0.316455489449
4690,0,0.00180151545115,0.498198484549
4691,0,0.0137409688984,0.486259031102
4695,0,0.0524896091615,0.447510390838
4699,0,0.0696292673253,0.430370732675
4701,0,0.308019637336,0.191980362664
4706,1,0.0609525612046,0.439047438795
4710,0,0.166072697972,0.333927302028
4716,0,0.13001872463,0.36998127537
4722,0,0.0547793128924,0.445220687108
4724,0,0.0771525510381,0.422847448962
4728,0,0.0806968693244,0.419303130676
4738,0,0.0212998566976,0.478700143302
4747,0,0.306343012124,0.193656987876
4756,0,0.00305895945538,0.496941040545
4761,1,0.231138343049,0.268861656951
4764,1,0.0923501221255,0.407649877874
4768,0,0.144846527602,0.355153472398
4774,0,0.237452838997,0.262547161003
4776,1,0.403994030894,0.0960059691058
4801,0,0.0247467168444,0.475253283156
4807,0,0.239053626709,0.260946373291
4810,0,0.0911055532968,0.408894446703
4813,0,0.148620266571,0.351379733429
4822,0,0.114313392528,0.385686607472
4824,0,0.0516317217404,0.44836827826
4827,0,0.445688962763,0.0543110372375
4828,0,0.185458193963,0.314541806037
4834,0,0.0141463512333,0.485853648767
4839,0,0.227432700944,0.272567299056
4840,0,0.0836585691019,0.416341430898
4843,0,0.0181982205391,0.481801779461
4845,0,0.128667319615,0.371332680385
4846,0,0.179521301466,0.320478698534
4847,0,0.000445031298905,0.499554968701
4848,0,0.0894363665231,0.410563633477
4851,0,0.0466706382024,0.453329361798
4861,0,0.00657671957672,0.493423280423
4862,0,0.00365079365079,0.496349206349
4867,0,0.253914395291,0.246085604709
4879,0,0.0317647086691,0.468235291331
4885,0,0.0187930357775,0.481206964223
4892,0,0.155783966509,0.344216033491
4893,0,0.135929331073,0.364070668927
4903,0,0.13686140827,0.36313859173
4905,0,0.00146797408786,0.498532025912
4908,0,0.0107111451984,0.489288854802
4912,0,0.0267441272101,0.47325587279
4915,0,0.000141843971631,0.499858156028
4919,0,0.00446198246198,0.495538017538
4927,0,0.0830297871352,0.416970212865
4934,0,0.0352267127635,0.464773287236
4942,0,0.175945127482,0.324054872518
4945,1,0.403914684718,0.0960853152823
4946,0,0.124784198481,0.375215801519
4956,0,0.004,0.496
4959,0,0.0103893319249,0.489610668075
4960,1,0.234062721041,0.265937278959
4963,0,0.0329964618961,0.467003538104
4966,0,0.198171227562,0.301828772438
4969,0,0.016486274595,0.483513725405
4976,0,0.0600101401516,0.439989859848
4982,0,0.0327483898347,0.467251610165
4990,0,0.238664995147,0.261335004853
4993,0,0.158477409798,0.341522590202
4997,0,0.2264121366,0.2735878634
5004,0,0.284566579034,0.215433420966
5005,1,0.27306742766,0.22693257234
5006,0,0.110448532898,0.389551467102
5007,0,0.00644608225407,0.493553917746
5040,0,0.294097242874,0.205902757126
5041,0,0.105805039448,0.394194960552
5044,0,0.233240415169,0.266759584831
5047,0,0.0512461696484,0.448753830352
5054,0,0.0144206484873,0.485579351513
5062,0,0.130218231045,0.369781768955
5066,0,0.394088118604,0.105911881396
5068,1,0.404890752834,0.0951092471662
5074,0,0.00592702237892,0.494072977621
5079,0,0.300101555745,0.199898444255
5083,0,0.252277951078,0.247722048922
5084,0,0.00674859632083,0.493251403679
5086,0,0.126549073708,0.373450926292
5088,0,0.328046715824,0.171953284176
5101,0,0.00434088149608,0.495659118504
5112,0,0.0624213974696,0.43757860253
5115,0,0.0379331254512,0.462066874549
5120,0,0.0256539358021,0.474346064198
5131,0,0.203309810024,0.296690189976
5137,0,6.94444444444e-05,0.499930555556
5139,0,0.369686538718,0.130313461282
5147,0,0.00229166666667,0.497708333333
5148,0,0.104953080187,0.395046919813
5152,0,0.372720913329,0.127279086671
5153,0,0.151166993396,0.348833006604
5156,0,0.0167217265408,0.483278273459
5158,0,0.0801174738475,0.419882526153
5164,0,0.00170892018779,0.498291079812
5168,0,0.0818936015138,0.418106398486
5173,0,0.112841761392,0.387158238608
5175,0,0.000851777330651,0.499148222669
5177,0,8.54700854701e-05,0.499914529915
5181,0,0.207533127159,0.292466872841
5184,0,0.089443578256,0.410556421744
5186,0,0.196340949524,0.303659050476
5187,0,0.204152284083,0.295847715917
5201,0,0.00592455721387,0.494075442786
5206,1,0.203311123394,0.296688876606
5207,0,0.110206773215,0.389793226785
5208,1,0.231840869456,0.268159130544
5209,0,6.94444444444e-05,0.499930555556
5211,0,0.0112629482137,0.488737051786
5214,0,0.134048361052,0.365951638948
5215,1,0.244522582179,0.255477417821
5217,0,0.216353450017,0.283646549983
5230,0,0.0179291511726,0.482070848827
5234,0,0,0.5
5235,0,0.159915127252,0.340084872748
5236,0,0.0809345362037,0.419065463796
5237,0,0.141538364053,0.358461635947
5238,0,0.153334202725,0.346665797275
5240,0,0.0560868212589,0.443913178741
5242,1,0.208261420802,0.291738579198
5244,0,0.207158664332,0.292841335668
5245,0,0.291723132545,0.208276867455
5247,0,0.185394483527,0.314605516473
5249,0,0.3928366578,0.1071633422
5254,0,0.000851777330651,0.499148222669
5257,0,0.0144672195759,0.485532780424
5258,0,0.0394359620111,0.460564037989
5271,0,0.000888888888889,0.499111111111
5272,0,0.0944192737409,0.405580726259
5280,1,0.281953586721,0.218046413279
5285,0,0.0541367429644,0.445863257036
5298,0,0.00218909898278,0.497810901017
5303,0,0.00863888888889,0.491361111111
5304,0,0.151022185954,0.348977814046
5308,0,0.0809036992915,0.419096300709
5311,0,0.00638678634631,0.493613213654
5314,0,0.0182939579992,0.481706042001
5317,0,0.0669728288599,0.43302717114
5319,0,0.166228385542,0.333771614458
5320,0,0.00693931713632,0.493060682864
5322,0,0.307501030874,0.192498969126
5326,0,0.00163180335815,0.498368196642
5327,0,0.218966903666,0.281033096334
5330,0,0.00651370234704,0.493486297653
5331,0,0.0123520475805,0.48764795242
5335,0,0.0887935676837,0.411206432316
5336,0,0.000943530171944,0.499056469828
5337,0,0.111925553196,0.388074446804
5340,0,0.0414804604171,0.458519539583
5349,0,0.00310420853731,0.496895791463
5350,0,0.0250345039093,0.474965496091
5353,0,0.154919340413,0.345080659587
5355,0,0.000740740740741,0.499259259259
5358,0,0.0753547826088,0.424645217391
5366,0,0.0206201648332,0.479379835167
5370,0,0.330702001468,0.169297998532
5373,0,0.0291396758024,0.470860324198
5376,0,0.157435821284,0.342564178716
5394,1,0.320673877594,0.179326122406
5399,1,0.110683371208,0.389316628792
5407,0,0.0077423129471,0.492257687053
5412,0,0.00664211381679,0.493357886183
5417,0,0.161149754377,0.338850245623
5424,0,0.241404822795,0.258595177205
5430,0,0.00103815937149,0.498961840629
5436,0,0.0272303051815,0.472769694819
5439,0,0.0517493643298,0.44825063567
5440,0,0.243613174885,0.256386825115
5441,1,0.0923985620047,0.407601437995
5446,0,0.092556071798,0.407443928202
5449,0,0.375302366243,0.124697633757
5451,0,0.10496059979,0.39503940021
5456,0,0.169013383139,0.330986616861
5464,1,0.347102372879,0.152897627121
5469,0,0.287429962095,0.212570037905
5476,0,0.234025455784,0.265974544216
5487,0,0.0630482654111,0.436951734589
5488,0,0.314735268879,0.185264731121
5491,1,0.461165400518,0.0388345994817
5496,1,0.572175772243,0.0721757722432
5499,0,0.13790207053,0.36209792947
5509,1,0.448644014469,0.0513559855311
5516,1,0.27184049682,0.22815950318
5523,0,0.143597793983,0.356402206017
5532,0,0.0744418327193,0.425558167281
5533,0,0.215869351995,0.284130648005
5536,0,0.158558864678,0.341441135322
5538,0,0.314321749074,0.185678250926
5540,0,0.205571627042,0.294428372958
5550,0,0.183494951409,0.316505048591
5553,0,0.152659187381,0.347340812619
5566,0,0.0983907377191,0.401609262281
5570,0,0.252922437191,0.247077562809
5576,0,0.27819336699,0.22180663301
5590,0,0.00409298871064,0.495907011289
5591,0,0.0093802026487,0.490619797351
5599,0,0.211163137898,0.288836862102
5615,0,0.126820261318,0.373179738682
5628,0,0.257433886898,0.242566113102
5639,0,0.188881152699,0.311118847301
5645,0,0.319548577791,0.180451422209
5648,0,0.467224905359,0.0327750946413
5649,0,0.168238160417,0.331761839583
5661,0,0.0881148958147,0.411885104185
5663,0,0.242236733615,0.257763266385
5669,0,0.00322019587977,0.49677980412
5672,0,0.0602133971721,0.439786602828
5675,0,0.174545243374,0.325454756626
5678,0,0.238137929032,0.261862070968
5679,0,0.187514395017,0.312485604983
5681,0,0.147831266942,0.352168733058
5685,0,0.172001675986,0.327998324014
5686,0,0.221842897096,0.278157102904
5693,1,0.147404057457,0.352595942543
5698,0,0.277367792219,0.222632207781
5704,0,0.200851755681,0.299148244319
5714,0,0.037947786132,0.462052213868
5717,0,0.199613353121,0.300386646879
5719,0,0.114526513785,0.385473486215
5722,1,0.0970999188112,0.402900081189
5723,0,0.18142052243,0.31857947757
5724,0,0.18084349714,0.31915650286
5726,0,0.0460775520241,0.453922447976
5728,0,0.335462757531,0.164537242469
5729,0,0.133873923887,0.366126076113
5731,1,0.0352074514125,0.464792548587
5732,1,0.192645157963,0.307354842037
5738,0,0.0729984639647,0.427001536035
5742,0,0.426713309532,0.0732866904676
5743,0,0.0544334585874,0.445566541413
5766,0,0.262365100722,0.237634899278
5770,1,0.23120662597,0.26879337403
5771,0,0.0103564830174,0.489643516983
5777,0,0.18386245146,0.31613754854
5783,1,0.238551673912,0.261448326088
5788,0,0.0875467533762,0.412453246624
5790,0,0.1839437056,0.3160562944
5794,0,0.272508998559,0.227491001441
5799,0,0.0604203679233,0.439579632077
5800,0,0.00372202801523,0.496277971985
5809,1,0.253214610324,0.246785389676
5810,0,0.284118255426,0.215881744574
5821,1,0.310240239721,0.189759760279
5825,0,0.0625253458978,0.437474654102
5827,0,0.282049841006,0.217950158994
5831,0,0.253406311947,0.246593688053
5838,1,0.111509902763,0.388490097237
5839,0,0.0635328306605,0.436467169339
5849,0,0.0082693972694,0.491730602731
5851,1,0.220769468531,0.279230531469
5854,0,0.0829023335771,0.417097666423
5861,0,0.130083821143,0.369916178857
5864,0,0.0980124022387,0.401987597761
5865,0,0.143611408811,0.356388591189
5874,1,0.351051613598,0.148948386402
5893,0,0.17784657228,0.32215342772
5908,0,0.298720457715,0.201279542285
5910,0,0.12649925621,0.37350074379
5913,0,0.135298771728,0.364701228272
5918,0,0.316500714093,0.183499285907
5921,0,0.376577313317,0.123422686683
5934,0,0.307105645586,0.192894354414
5937,0,0.12724603261,0.37275396739
5939,0,0.375071678637,0.124928321363
5942,0,0.310717594823,0.189282405177
5948,0,0.122857305927,0.377142694073
5955,0,0.0141175680984,0.485882431902
5959,0,0.455942446987,0.0440575530131
5960,0,0.155319882618,0.344680117382
5962,0,0.374146391679,0.125853608321
5979,0,0.00216666666667,0.497833333333
5981,0,0.176365866636,0.323634133364
5984,1,0.223423926704,0.276576073296
5987,0,0.0742974617439,0.425702538256
5988,1,0.233120505686,0.266879494314
5995,0,0.0818342975964,0.418165702404
5998,1,0.290307138114,0.209692861886
6022,0,0.153231969882,0.346768030118
6023,0,0.286590172862,0.213409827138
6025,1,0.203744435562,0.296255564438
6026,0,0.0356820423558,0.464317957644
6028,0,0.30718974249,0.19281025751
6033,0,0.196255323836,0.303744676164
6034,0,0.188159471553,0.311840528447
6036,0,0.205927216663,0.294072783337
6039,0,0.182273205598,0.317726794402
6041,0,0.184159206567,0.315840793433
6044,0,0.21228595627,0.28771404373
6050,0,0.370447681817,0.129552318183
6053,0,0.286054787131,0.213945212869
6058,0,0.359882304377,0.140117695623
6064,0,0.00811933680355,0.491880663196
6070,0,0.151784596422,0.348215403578
6071,0,0.129578321235,0.370421678765
6073,1,0.231053048188,0.268946951812
6076,0,0.457443286132,0.0425567138677
6077,1,0.549420331231,0.0494203312307
6079,1,0.208220864474,0.291779135526
6084,0,0.0401517802369,0.459848219763
6089,0,0.269269777778,0.230730222222
6090,0,0.224901855075,0.275098144925
6094,0,0.0815469139818,0.418453086018
6096,0,0.188379848303,0.311620151697
6097,0,0.0469294436688,0.453070556331
6098,0,0.202484151,0.297515849
6102,0,0.372373139747,0.127626860253
6106,0,0.0118318478824,0.488168152118
6113,0,0.213164810659,0.286835189341
6115,0,0.00948233944208,0.490517660558
6124,0,0.454974612169,0.0450253878314
6125,0,0.31155470634,0.18844529366
6126,0,0.109442741648,0.390557258352
6132,0,0.0291658067142,0.470834193286
6156,0,0.197839280785,0.302160719215
6158,0,0.33856939948,0.16143060052
6165,0,0.298720595775,0.201279404225
6166,1,0.172309774251,0.327690225749
6167,0,0.220203258186,0.279796741814
6172,0,0.16434194633,0.33565805367
6195,0,0.0915170033914,0.408482996609
6196,0,0.166692210785,0.333307789215
6204,0,0.207593179147,0.292406820853
6218,0,0.214878153432,0.285121846568
6222,1,0.187746523888,0.312253476112
6226,0,0.00503866150049,0.4949613385
6229,0,0.188296044271,0.311703955729
6234,0,0.0749390057985,0.425060994202
6238,1,0.21344385751,0.28655614249
6241,1,0.296848537082,0.203151462918
6244,0,0.0618445811938,0.438155418806
6246,0,0.11028230765,0.38971769235
6262,0,0.142343156169,0.357656843831
6269,1,0.222920991489,0.277079008511
6273,0,0.137359767075,0.362640232925
6277,0,0.322414314149,0.177585685851
6289,0,0.229854747495,0.270145252505
6294,0,0.00981048880395,0.490189511196
6312,1,0.564747176479,0.0647471764789
6324,0,0.0680939793723,0.431906020628
6328,0,0.200379494921,0.299620505079
6334,0,0.0319324039605,0.468067596039
6337,1,0.320251955883,0.179748044117
6340,0,0.112213955889,0.387786044111
6345,0,0.017174940989,0.482825059011
6353,0,0.164535841701,0.335464158299
6355,0,0.157526374574,0.342473625426
6360,1,0.195697239231,0.304302760769
6361,1,0.115305173186,0.384694826814
6366,0,0.0547291455721,0.445270854428
6380,0,0.112302890369,0.387697109631
6383,0,0.195946655761,0.304053344239
6386,0,0.272050828792,0.227949171208
6387,1,0.0703696236772,0.429630376323
6388,0,0.109044966905,0.390955033095
6392,0,0.0106638690289,0.489336130971
6406,1,0.350869963425,0.149130036575
6407,0,0.201334935197,0.298665064803
6411,1,0.227148036564,0.272851963436
6412,0,0.135261869241,0.364738130759
6413,0,0.250220932908,0.249779067092
6415,0,0.0217969523159,0.478203047684
6416,0,0.256350740431,0.243649259569
6419,0,0.352067691156,0.147932308844
6422,1,0.211570696657,0.288429303343
6438,0,0.122255671126,0.377744328874
6442,0,0.198178365774,0.301821634226
6443,0,0.285096929856,0.214903070144
6444,0,0.213655060883,0.286344939117
6457,0,0.308249952756,0.191750047244
6460,0,0.00873173684952,0.49126826315
6466,0,0.150127972763,0.349872027237
6470,0,0.0594703327574,0.440529667243
6473,0,0.309876572772,0.190123427228
6476,1,0.132453859897,0.367546140103
6483,0,0.270138379597,0.229861620403
6493,0,0.152231526703,0.347768473297
6496,0,0.0360827304545,0.463917269546
6503,0,0.0661248168453,0.433875183155
6504,0,0.492675599933,0.00732440006701
6506,0,0.190354131432,0.309645868568
6508,0,0.122010614019,0.377989385981
6510,0,0.213936672383,0.286063327617
6512,0,0.165424285774,0.334575714226
6516,0,0.00532625399292,0.494673746007
6519,0,0.107096396405,0.392903603595
6520,0,0.126114801442,0.373885198558
6522,0,0.0867532773234,0.413246722677
6523,1,0.0161745371617,0.483825462838
6524,0,0.0628040686118,0.437195931388
6525,0,0.161194503634,0.338805496366
6528,0,0.0750789131769,0.424921086823
6531,0,0.240938257394,0.259061742606
6536,0,0.143317506253,0.356682493747
6542,0,0.201007416032,0.298992583968
6555,0,0.226878980381,0.273121019619
6562,0,0.0954367784571,0.404563221543
6566,0,0.13922820774,0.36077179226
6571,0,0.205132642189,0.294867357811
6573,0,0.190216595734,0.309783404266
6597,1,0.163143086713,0.336856913287
6598,0,0.231137456801,0.268862543199
6604,0,0.166148438606,0.333851561394
6616,1,0.239210030294,0.260789969706
6622,0,0.165419657179,0.334580342821
6623,0,0.0802579179448,0.419742082055
6636,0,0.053576268513,0.446423731487
6637,0,0.048129583641,0.451870416359
6640,0,0.110161425239,0.389838574761
6647,0,0.314146405043,0.185853594957
6651,0,0.19431193584,0.30568806416
6657,0,0.0593888850169,0.440611114983
6665,0,0.291919057514,0.208080942486
6671,0,0.299336235326,0.200663764674
6691,0,0.154359797294,0.345640202706
6695,0,0.184142278856,0.315857721144
6708,0,0.246626024269,0.253373975731
6716,0,0.0343737236276,0.465626276372
6718,0,0.0110819594117,0.488918040588
6720,1,0.00903676952847,0.490963230472
6733,0,0.187934715912,0.312065284088
6739,0,0.134026497839,0.365973502161
6748,0,0.168730959715,0.331269040285
6749,0,0.219177018638,0.280822981362
6750,0,0.120351526058,0.379648473942
6756,0,0.109741595428,0.390258404572
6758,0,0.0107035442035,0.489296455796
6761,0,0.11027417568,0.38972582432
6765,0,0.0755000769705,0.42449992303
6766,0,0.230932859199,0.269067140801
6770,0,0.288671420396,0.211328579604
6778,0,0.213651183269,0.286348816731
6785,0,0.203555698227,0.296444301773
6789,0,0.308621324243,0.191378675757
6792,0,0.126607360997,0.373392639003
6793,1,0.184889540711,0.315110459289
6810,0,0.0210416190739,0.478958380926
6822,0,0.0859378248349,0.414062175165
6825,0,0.154225978753,0.345774021247
6826,0,0.308140144867,0.191859855133
6833,0,0.244023612408,0.255976387592
6834,0,0.147554212872,0.352445787128
6835,0,0.139045089677,0.360954910323
6836,0,0.179204133451,0.320795866549
6837,0,0.279990314489,0.220009685511
6839,0,0.0122984236134,0.487701576387
6841,0,0.157806342967,0.342193657033
6843,0,0.358643109901,0.141356890099
6846,0,0.161448415455,0.338551584545
6849,0,0.107374031895,0.392625968105
6853,0,0.0737769777177,0.426223022282
6855,0,0.214174652349,0.285825347651
6870,0,0.190716236303,0.309283763697
6873,0,0.11375211576,0.38624788424
6876,0,0.0828640536327,0.417135946367
6878,1,0.175817802795,0.324182197205
6891,0,0.200659858219,0.299340141781
6897,0,0.11788743768,0.38211256232
6902,0,0.130993061357,0.369006938643
6905,0,0.21367325618,0.28632674382
6908,0,0.111721742664,0.388278257336
6911,0,0.106139860676,0.393860139324
6919,0,0.182127986575,0.317872013425
6923,0,0.0104543126838,0.489545687316
6924,1,0.1939397605,0.3060602395
6925,0,0.0952571259475,0.404742874053
6926,0,0.0151602444686,0.484839755531
6927,0,0.179777734155,0.320222265845
6933,0,0.351808858029,0.148191141971
6938,0,0.200966227709,0.299033772291
6942,1,0.183054911229,0.316945088771
6943,0,0.0146942825566,0.485305717443
6950,0,0.170593804912,0.329406195088
6951,0,0.0594879977843,0.440512002216
6956,0,0.341556266283,0.158443733717
6960,0,0.179552181324,0.320447818676
6967,0,0.353288484148,0.146711515852
6978,0,0.0883385774303,0.41166142257
6979,0,0.131050093694,0.368949906306
6985,0,0.0923439314672,0.407656068533
6987,0,0.159369970104,0.340630029896
6988,0,0.0603491764498,0.43965082355
7012,0,0.0151218011761,0.484878198824
7014,0,0.0873825176367,0.412617482363
7030,0,0.321701295724,0.178298704276
7033,0,0.174544218814,0.325455781186
7044,0,0.247016118992,0.252983881008
7050,0,0.133924840538,0.366075159462
7052,0,0.089773792838,0.410226207162
7055,0,0.129496029033,0.370503970967
7058,0,0.25641187644,0.24358812356
7061,0,0.206217923343,0.293782076657
7063,0,0.211880814442,0.288119185558
7068,0,0.297975839826,0.202024160174
7073,0,0.219663937685,0.280336062315
7080,1,0.346282951193,0.153717048807
7083,1,0.147177203526,0.352822796474
7088,0,0.324464930103,0.175535069897
7089,1,0.272499721415,0.227500278585
7092,1,0.43522153906,0.0647784609402
7098,1,0.256061407439,0.243938592561
7100,0,0.0568638943276,0.443136105672
7104,0,0.0285957511272,0.471404248873
7112,0,0.121728132628,0.378271867372
7115,0,0.135156057435,0.364843942565
7116,0,0.0133375532849,0.486662446715
7117,0,0.454852424867,0.0451475751327
7122,0,0.203928215981,0.296071784019
7123,0,0.148339147456,0.351660852544
7127,0,0.0488024129354,0.451197587065
7135,0,0.204006458395,0.295993541605
7137,0,0.119249112299,0.380750887701
7139,1,0.29371484254,0.20628515746
7147,0,0.117551235227,0.382448764773
7150,0,0.176112055389,0.323887944611
7158,1,0.370888494926,0.129111505074
7159,0,0.0323926292066,0.467607370793
7161,0,0.00936915486915,0.490630845131
7167,0,0.402067094623,0.0979329053769
7174,1,0.372327103667,0.127672896333
7175,0,0.387424327919,0.112575672081
7177,0,0.222384538469,0.277615461531
7179,1,0.141593531628,0.358406468372
7180,1,0.0120755784619,0.487924421538
7182,0,0.187752369821,0.312247630179
7183,0,0.238159260628,0.261840739372
7193,0,0.209489816777,0.290510183223
7195,0,0.0524423109834,0.447557689017
7201,1,0.13554357374,0.36445642626
7204,0,0.157793154487,0.342206845513
7209,0,0.197574880943,0.302425119057
7213,0,0.0812720094554,0.418727990545
7217,0,0.0715682181873,0.428431781813
7219,0,0.238024761653,0.261975238347
7231,0,0.0610993935171,0.438900606483
7242,0,0.322341990462,0.177658009538
7260,0,0.101948220067,0.398051779933
7268,0,0.412645732827,0.0873542671734
7272,0,0.243841944144,0.256158055856
7273,0,0.134662630376,0.365337369624
7277,0,0.0335443696226,0.466455630377
7280,0,0.230913044215,0.269086955785
7282,0,0.199173491198,0.300826508802
7289,0,0.0918430222179,0.408156977782
7290,0,0.219482003033,0.280517996967
7292,0,0.232164776989,0.267835223011
7295,1,0.172332341319,0.327667658681
7308,0,0.357087187879,0.142912812121
7311,1,0.406908861382,0.0930911386183
7317,1,0.204079713976,0.295920286024
7326,0,0.085911890754,0.414088109246
7329,1,0.262645422241,0.237354577759
7332,0,0.170139020896,0.329860979104
7333,0,0.0710990545402,0.42890094546
7349,0,0.138901392016,0.361098607984
7355,0,0.206246263449,0.293753736551
7356,0,0.0420646781441,0.457935321856
7362,0,0.249495153748,0.250504846252
7363,0,0.311305392423,0.188694607577
7370,0,0.518965686371,0.0189656863709
7374,0,0.152774160023,0.347225839977
7377,0,0.300325549334,0.199674450666
7378,1,0.21164124699,0.28835875301
7383,0,0.087842447464,0.412157552536
7403,0,0.166085285918,0.333914714082
7404,0,0.0185253205196,0.48147467948
7410,0,0.396573124129,0.103426875871
7416,0,0.143684007742,0.356315992258
7421,1,0.367155695212,0.132844304788
7425,0,0.196440139823,0.303559860177
7427,0,0.119930257554,0.380069742446
7431,0,0.337403510026,0.162596489974
7432,1,0.213849549479,0.286150450521
7434,0,0.13845412283,0.36154587717
7435,0,0.00490826706784,0.495091732932
7439,0,0.010305795425,0.489694204575
7442,0,0.40067298897,0.0993270110296
7445,0,0.238998315721,0.261001684279
7447,0,0.1009693485,0.3990306515
7451,0,0.221209720625,0.278790279375
7462,0,0.275366189635,0.224633810365
7465,0,0.139352056421,0.360647943579
7470,1,0.206773587369,0.293226412631
7482,0,0.17881286464,0.32118713536
7489,0,0.0240131342088,0.475986865791
7490,1,0.370057603009,0.129942396991
7508,0,0.143003132819,0.356996867181
7511,0,0.0886312756568,0.411368724343
7527,0,0.17544192819,0.32455807181
7533,0,0.124801268617,0.375198731383
7535,0,0.168733630332,0.331266369668
7542,0,0.207960707697,0.292039292303
7543,0,0.169854147179,0.330145852821
7551,0,0.161974444657,0.338025555343
7553,0,0.233251270461,0.266748729539
7554,0,0.0109651129548,0.489034887045
7559,0,0.251229065524,0.248770934476
7561,0,0.0984656708928,0.401534329107
7565,0,0.204830823704,0.295169176296
7573,0,0.406891972029,0.0931080279708
7579,1,0.160301360815,0.339698639185
7580,0,0.0905803904632,0.409419609537
7584,0,0.155275784896,0.344724215104
7588,0,0.0738048132379,0.426195186762
7589,0,0.249365249547,0.250634750453
7602,0,0.00124921455473,0.498750785445
7607,0,0.163365571918,0.336634428082
7609,0,0.447037192001,0.0529628079995
7610,0,0.126546362572,0.373453637428
7626,0,0.158604026874,0.341395973126
7632,0,0.123469588678,0.376530411322
7634,0,0.0855650786068,0.414434921393
7637,0,0.107035299461,0.392964700539
7639,0,0.0897871789046,0.410212821095
7641,1,0.189920561427,0.310079438573
7642,0,0.0080560621171,0.491943937883
7648,0,0.129819410678,0.370180589322
7650,1,0.215435078731,0.284564921269
7656,0,0.255028643619,0.244971356381
7665,0,0.031400550969,0.468599449031
7666,0,0.142114866655,0.357885133345
7667,0,0.0355790868161,0.464420913184
7670,0,0.121404942082,0.378595057918
7673,0,0.146419203156,0.353580796844
7674,1,0.444926060883,0.0550739391167
7675,1,0.463583873471,0.0364161265294
7676,0,0.212101050617,0.287898949383
7679,1,0.316976320882,0.183023679118
7683,0,0.410067195628,0.0899328043717
7684,0,0.0449205833153,0.455079416685
7686,1,0.180189429012,0.319810570988
7692,0,0.123887133377,0.376112866623
7693,0,0.17808473346,0.32191526654
7697,0,0.178745192234,0.321254807766
7700,1,0.0354343844252,0.464565615575
7706,0,0.155389573984,0.344610426016
7707,0,0.253856063051,0.246143936949
7719,0,0.200043225478,0.299956774522
7722,0,0.0479596809839,0.452040319016
7724,0,0.188235520584,0.311764479416
7726,0,0.198744459229,0.301255540771
7728,0,0.35114953732,0.14885046268
7733,0,0.0318611819118,0.468138818088
7735,0,0.312245189525,0.187754810475
7739,0,0.111217216366,0.388782783634
7744,0,0.200598585206,0.299401414794
7749,0,0.113793636409,0.386206363591
7759,0,0.324478015027,0.175521984973
7765,0,0.0814167410556,0.418583258944
7768,0,0.221355487588,0.278644512412
7773,0,0.228225277083,0.271774722917
7774,1,0.122271042982,0.377728957018
7783,1,0.227943417324,0.272056582676
7785,1,0.207670615137,0.292329384863
7787,0,0.196661804567,0.303338195433
7790,0,0.124964822252,0.375035177748
7796,0,0.109210175645,0.390789824355
7801,0,0.463243767306,0.0367562326939
7803,1,0.108150471614,0.391849528386
7804,0,0.170590239595,0.329409760405
7806,0,0.00766745966247,0.492332540338
7807,0,0.135012336662,0.364987663338
7809,0,0.106709083074,0.393290916926
7817,1,0.322672594505,0.177327405495
7822,0,0.0934441895307,0.406555810469
7828,0,0.324620444926,0.175379555074
7832,1,0.290267888695,0.209732111305
7836,1,0.305112065357,0.194887934643
7843,0,0.112155918425,0.387844081575
7845,0,0.0189429671165,0.481057032883
7846,0,0.17244900115,0.32755099885
7850,0,0.174580324382,0.325419675618
7853,1,0.327043671882,0.172956328118
7856,1,0.440496550087,0.0595034499132
7857,1,0.243272013533,0.256727986467
7860,0,0.201143090873,0.298856909127
7867,0,0.207652341889,0.292347658111
7898,1,0.246761169925,0.253238830075
7900,0,0.341805010325,0.158194989675
7910,0,0.282920359971,0.217079640029
7914,0,0.162743250495,0.337256749505
7921,0,0.00534086284086,0.494659137159
7924,0,0.126801786284,0.373198213716
7930,1,0.067084783257,0.432915216743
7931,0,0.10339935352,0.39660064648
7942,1,0.1699821894,0.3300178106
7953,0,0.145529125419,0.354470874581
7965,0,0.277313178832,0.222686821168
7973,0,0.178847339729,0.321152660271
7977,0,0.17403519953,0.32596480047
7984,0,0.243533772741,0.256466227259
7990,1,0.0883723404463,0.411627659554
7994,0,0.20211840655,0.29788159345
7995,0,0.173419757755,0.326580242245
7996,0,0.306986737359,0.193013262641
7998,0,0.167560751146,0.332439248854
8011,0,0.00111111111111,0.498888888889
8013,0,0.2208417421,0.2791582579
8020,1,0.273747821198,0.226252178802
8021,0,0.0103077491261,0.489692250874
8025,0,0.00277442809499,0.497225571905
8028,0,0.167108118437,0.332891881563
8038,1,0.325657340814,0.174342659186
8052,0,0.0235102079083,0.476489792092
8064,0,0.00976227928711,0.490237720713
8068,1,0.455049518188,0.0449504818123
8073,1,0.206382149675,0.293617850325
8084,1,0.212981859477,0.287018140523
8091,1,0.230350882222,0.269649117778
8092,1,0.26661266082,0.23338733918
8095,0,0.352144583063,0.147855416937
8101,0,0.0259289339102,0.47407106609
8106,1,0.103721447956,0.396278552044
8112,0,0.145043200083,0.354956799917
8117,0,0.361319380936,0.138680619064
8118,0,0.176817530887,0.323182469113
8132,0,0.184363769959,0.315636230041
8133,0,0.0180745735746,0.481925426425
8140,0,0.0378660894255,0.462133910574
8141,0,0.0879916936819,0.412008306318
8147,0,0.0265902771872,0.473409722813
8148,0,0.170551775206,0.329448224794
8152,0,0.0346210583022,0.465378941698
8156,0,0.0529785065506,0.447021493449
8166,0,0.00357119723564,0.496428802764
8176,0,0.0924723130099,0.40752768699
8177,0,0.032568313395,0.467431686605
8187,0,0.0472513170768,0.452748682923
8200,0,0.218220305587,0.281779694413
8208,0,0.442485394164,0.0575146058364
8213,0,0.107703987755,0.392296012245
8216,0,0.12845122316,0.37154877684
8226,0,0.194611272488,0.305388727512
8230,0,0.576486053645,0.0764860536449
8235,0,0.0608198665058,0.439180133494
8242,0,0.000999223285571,0.499000776714
8243,1,0.388966828752,0.111033171248
8244,0,0.165391681609,0.334608318391
8248,0,0.522871562894,0.0228715628943
8252,0,0.172823431788,0.327176568212
8255,0,0.162125365502,0.337874634498
8260,1,0.494289933634,0.00571006636625
8262,1,0.355777272963,0.144222727037
8276,0,0.0594923340428,0.440507665957
8278,1,0.455621860516,0.0443781394838
8291,0,0.363256544449,0.136743455551
8294,0,0.0320789499,0.4679210501
8295,0,0.24550853377,0.25449146623
8305,0,0.143949927009,0.356050072991
8311,0,0.235065876421,0.264934123579
8322,0,0.114463039739,0.385536960261
8325,1,0.238609640819,0.261390359181
8326,1,0.129309059783,0.370690940217
8338,1,0.245590000587,0.254409999413
8341,0,0.152125636604,0.347874363396
8347,0,0.402668900844,0.0973310991562
8354,0,0.235414579575,0.264585420425
8361,1,0.362640093192,0.137359906808
8362,0,0.0480405935894,0.451959406411
8363,0,0.133261927468,0.366738072532
8368,0,0.494429894448,0.00557010555241
8372,0,0.241581515689,0.258418484311
8374,0,0.129834343466,0.370165656534
8392,0,0.280642564891,0.219357435109
8396,0,0.146183755613,0.353816244387
8406,0,0.178600353819,0.321399646181
8420,0,0.133088330556,0.366911669444
8426,0,0.0520425091292,0.447957490871
8428,1,0.275107379143,0.224892620857
8436,1,0.31313532666,0.18686467334
8438,0,0.57767609362,0.0776760936199
8452,1,0.531847233411,0.0318472334108
8469,0,0.0155046242077,0.484495375792
8470,0,0.0863396066318,0.413660393368
8472,0,0.250311165277,0.249688834723
8474,0,0.129564891994,0.370435108006
8478,0,0.0947364326436,0.405263567356
8480,0,0.271711442208,0.228288557792
8486,1,0.367643174888,0.132356825112
8497,0,0.221956840524,0.278043159476
8520,0,0.0441742139479,0.455825786052
8528,0,0.0240584050352,0.475941594965
8530,0,0.220202218553,0.279797781447
8533,0,0.204007233452,0.295992766548
8534,0,0.106629777726,0.393370222274
8535,0,0.312779208171,0.187220791829
8542,0,0.147440201065,0.352559798935
8549,0,0.00846282718385,0.491537172816
8552,1,0.23922990764,0.26077009236
8560,1,0.319767829078,0.180232170922
8563,0,0.230762709659,0.269237290341
8567,0,0.221801383853,0.278198616147
8571,0,0.0232900252335,0.476709974767
8572,0,0.0260841549197,0.47391584508
8575,0,0.104499185472,0.395500814528
8584,0,0.173815532649,0.326184467351
8593,0,0.463136804302,0.0368631956978
8594,0,0.513537996077,0.0135379960773
8597,0,0.238728946015,0.261271053985
8604,0,0.178102447767,0.321897552233
8609,1,0.345068770503,0.154931229497
8612,1,0.605417674272,0.105417674272
8621,0,0.128536092835,0.371463907165
8638,0,0.0169996669997,0.483000333
8642,0,0.0174597703411,0.482540229659
8643,0,0.00373277313218,0.496267226868
8645,1,0.325539348137,0.174460651863
8654,0,0.0356329162743,0.464367083726
8655,0,0.576452713295,0.0764527132949
8656,0,0.00126612828367,0.498733871716
8665,0,0.0823559116063,0.417644088394
8670,1,0.388593745184,0.111406254816
8672,0,0.29157424269,0.20842575731
8674,0,0.0474468978703,0.45255310213
8677,1,0.464489114474,0.0355108855263
8679,0,0.0609371015551,0.439062898445
8680,0,0.0958959143236,0.404104085676
8691,0,0.524015894484,0.024015894484
8692,1,0.209567967405,0.290432032595
8694,0,0.369413023071,0.130586976929
8698,0,0.0149876319402,0.48501236806
8701,0,0.388302593282,0.111697406718
8711,0,0.118057924369,0.381942075631
8717,1,0.143786216288,0.356213783712
8718,1,0.1477975508,0.3522024492
8722,0,0.0196306521624,0.480369347838
8731,0,0.292495366343,0.207504633657
8737,0,0.143210652135,0.356789347865
8744,0,0.00922042384388,0.490779576156
8753,0,0.0134716790242,0.486528320976
8755,0,0.0619129150306,0.438087084969
8759,0,0.00161876873104,0.498381231269
8763,0,0.220641386801,0.279358613199
8767,0,0.00256291556438,0.497437084436
8779,0,0.104695359808,0.395304640192
8805,0,0.070910907694,0.429089092306
8806,0,0.404466824045,0.0955331759552
8808,0,0.181468657864,0.318531342136
8809,0,0.302956066636,0.197043933364
8813,1,0.148439467442,0.351560532558
8814,1,0.214362116455,0.285637883545
8819,0,0.0770329487335,0.422967051266
8823,0,0.0597198660662,0.440280133934
8827,1,0.0965098989183,0.403490101082
8844,0,0.172318582349,0.327681417651
8846,0,0.339888447914,0.160111552086
8847,0,0.0834326179878,0.416567382012
8852,0,0.146456625877,0.353543374123
8857,0,0.311191853216,0.188808146784
8859,0,0.106170411849,0.393829588151
8874,0,0.491630918158,0.00836908184157
8890,1,0.362856683692,0.137143316308
8893,0,0.187858096059,0.312141903941
8906,1,0.287810691072,0.212189308928
8912,0,0.0157504808685,0.484249519132
8915,0,0.224470882722,0.275529117278
8916,0,0.285686104229,0.214313895771
8919,0,0.190346990816,0.309653009184
8921,1,0.0969277707207,0.403072229279
8924,0,0.0382410762029,0.461758923797
8925,0,0.170748429778,0.329251570222
8927,0,0.32053569203,0.17946430797
8930,0,0.0702750246684,0.429724975332
8932,0,0.0967916314622,0.403208368538
8933,0,0.110416412237,0.389583587763
8938,0,0.0181549196255,0.481845080374
8939,0,0.0895845874107,0.410415412589
8951,0,0.123442207123,0.376557792877
8953,1,0.206386087546,0.293613912454
8957,0,0.338113837405,0.161886162595
8958,1,0.0677117637565,0.432288236243
8965,0,0.51851938604,0.01851938604
8966,0,0.0811542810664,0.418845718934
8975,1,0.49678965313,0.00321034687023
8977,0,0.275736673549,0.224263326451
8978,0,0.0118718922066,0.488128107793
8985,0,0.24928521196,0.25071478804
8990,1,0.39553279258,0.10446720742
9003,0,0.365621177287,0.134378822713
9005,0,0.376284679457,0.123715320543
9006,0,0.0701574166535,0.429842583346
9008,0,0.0413114086516,0.458688591348
9017,0,0.376776108632,0.123223891368
9020,0,0.182354383061,0.317645616939
9022,1,0.181879972412,0.318120027588
9025,0,0.117200109244,0.382799890756
9030,1,0.161947463231,0.338052536769
9031,1,0.326452401917,0.173547598083
9037,0,0.291604783625,0.208395216375
9042,1,0.0320510396507,0.467948960349
9043,0,0.294538966319,0.205461033681
9059,0,0.392734668695,0.107265331305
9072,0,0.350645260147,0.149354739853
9073,0,0.157211247151,0.342788752849
9075,0,0.0917458417871,0.408254158213
9089,1,0.400555434228,0.0994445657722
9090,0,0.0958825458652,0.404117454135
9093,0,0.123270636914,0.376729363086
9104,1,0.343167175289,0.156832824711
9106,0,0.36919053102,0.13080946898
9112,0,0.153844284658,0.346155715342
9113,0,0.367722542045,0.132277457955
9118,1,0.124265639261,0.375734360739
9120,0,0.177703311657,0.322296688343
9124,0,0.207222854082,0.292777145918
9129,0,0.00100535969906,0.498994640301
9131,0,0.0888148100942,0.411185189906
9136,0,0.0384964543621,0.461503545638
9138,1,0.123800722443,0.376199277557
9159,0,0.437099860298,0.0629001397022
9169,0,0.209078198842,0.290921801158
9172,0,0.19957157893,0.30042842107
9174,0,0.0113783400948,0.488621659905
9178,0,0.276878016742,0.223121983258
9180,0,0.00073660636708,0.499263393633
9187,0,0.0113171207877,0.488682879212
9189,0,0.0624805920024,0.437519407998
9193,0,0.0807122415803,0.41928775842
9199,0,0.188155300557,0.311844699443
9201,0,0.0272388849034,0.472761115097
9223,1,0.193276375482,0.306723624518
9229,0,0.315250453544,0.184749546456
9236,0,0.273006590803,0.226993409197
9241,0,0.128372591067,0.371627408933
9242,1,0.567484326075,0.0674843260747
9245,0,0.229470961361,0.270529038639
9250,0,0.175525592668,0.324474407332
9251,0,0.0984941072154,0.401505892785
9254,1,0.264002067874,0.235997932126
9259,0,0.0980319155603,0.40196808444
9261,0,0.102294042017,0.397705957983
9264,0,0.058150884211,0.441849115789
9267,0,0.255942466205,0.244057533795
9269,0,0.174185511066,0.325814488934
9275,0,0.116216655979,0.383783344021
9283,0,0.153587854988,0.346412145012
9285,0,0.114147442168,0.385852557832
9286,1,0.173676524592,0.326323475408
9287,0,0.10492630231,0.39507369769
9297,1,0.432736476383,0.0672635236174
9299,0,0.308746264346,0.191253735654
9304,0,0.0994208900328,0.400579109967
9309,0,0.0872141860749,0.412785813925
9316,0,0.466134445171,0.0338655548294
9322,0,0.134644068345,0.365355931655
9324,1,0.227946514007,0.272053485993
9325,0,0.027172470077,0.472827529923
9330,0,0.141940111203,0.358059888797
9346,1,0.250292845741,0.249707154259
9352,0,0.0414783389059,0.458521661094
9356,0,0.0238182682749,0.476181731725
9357,0,0.210956528743,0.289043471257
9362,0,0.208475212365,0.291524787635
9366,0,0.182896497417,0.317103502583
9371,1,0.47380870832,0.0261912916801
9380,0,0.140024467417,0.359975532583
9383,1,0.369094332002,0.130905667998
9388,0,0.0662197248927,0.433780275107
9389,0,0.367450881564,0.132549118436
9396,0,0.0357276977099,0.46427230229
9404,0,0.00347416258643,0.496525837414
9405,0,0.010605844614,0.489394155386
9408,0,0.170595938373,0.329404061627
9425,1,0.347033321552,0.152966678448
9430,0,0.0735367662207,0.426463233779
9431,0,0.169933484405,0.330066515595
9454,0,0.0212643314428,0.478735668557
9460,0,0.263921434709,0.236078565291
9472,0,0.111622213853,0.388377786147
9476,0,0.15302474939,0.34697525061
9487,1,0.423698280513,0.0763017194873
9494,0,0.00347416258643,0.496525837414
9499,0,0.206385709149,0.293614290851
9505,0,0.12268721262,0.37731278738
9510,0,0.238224499777,0.261775500223
9527,0,0.394185795931,0.105814204069
9529,0,0.196223090114,0.303776909886
9531,0,0.136411576178,0.363588423822
9533,0,0.103001262841,0.396998737159
9534,0,0.128884068907,0.371115931093
9537,1,0.41753531475,0.0824646852501
9541,1,0.30469332989,0.19530667011
9546,0,0.000616843971631,0.499383156028
9547,0,0.037679595509,0.462320404491
9548,1,0.396726709946,0.103273290054
9553,0,0.309452252341,0.190547747659
9554,0,0.0797325836194,0.420267416381
9558,1,0.457451773101,0.0425482268988
9561,0,0.000277777777778,0.499722222222
9565,1,0.329394554583,0.170605445417
9571,0,0.221211233815,0.278788766185
9572,0,0.413111015168,0.0868889848318
9578,0,0.337586901894,0.162413098106
9581,0,0.00357119723564,0.496428802764
9584,1,0.261411451581,0.238588548419
9597,1,0.39903221315,0.10096778685
9599,0,0.183144834622,0.316855165378
9600,0,0.00139145467393,0.498608545326
9601,0,0.149106387142,0.350893612858
9604,1,0.297418098027,0.202581901973
9605,0,0.290541577071,0.209458422929
9608,1,0.1910523461,0.3089476539
9613,0,0.0116248711868,0.488375128813
9618,0,0.0721079590485,0.427892040952
9619,0,0.179465666853,0.320534333147
9620,0,0.00966484901886,0.490335150981
9621,0,0.0701363825303,0.42986361747
9626,0,0.0903860732728,0.409613926727
9631,0,0.0251463352896,0.47485366471
9632,0,0.39382308131,0.10617691869
9633,1,0.343250859122,0.156749140878
9641,0,0.337945567228,0.162054432772
9651,0,0.25928998174,0.24071001826
9654,1,0.410271637115,0.0897283628845
9656,0,0.190139661671,0.309860338329
9658,0,0.373577683745,0.126422316255
9659,0,0.0800745557027,0.419925444297
9663,0,0.222624358508,0.277375641492
9667,1,0.217559620885,0.282440379115
9678,0,0.313205382467,0.186794617533
9684,0,0.080166445144,0.419833554856
9689,1,0.181527748132,0.318472251868
9690,0,0.187063649362,0.312936350638
9698,1,0.426717289894,0.0732827101059
9700,0,0.0112911226528,0.488708877347
9706,0,0.0287436073906,0.471256392609
9707,1,0.255815014887,0.244184985113
9709,0,0.457007485955,0.0429925140452
9710,0,0.066804402519,0.433195597481
9711,0,0.00341483815749,0.496585161843
9712,0,0.243377827544,0.256622172456
9715,0,0.000715342619521,0.49928465738
9721,0,0.164430571972,0.335569428028
9723,0,0.488202379282,0.011797620718
9724,0,0.351120263607,0.148879736393
9725,0,0.136710469485,0.363289530515
9727,1,0.396911534703,0.103088465297
9731,0,0.240300738861,0.259699261139
9741,1,0.140953935035,0.359046064965
9747,0,0.0750726417283,0.424927358272
9749,1,0.248510387616,0.251489612384
9762,1,0.34383232186,0.15616767814
9770,0,0.0182095757498,0.48179042425
9774,0,0.133312736539,0.366687263461
9775,0,0.0374568199048,0.462543180095
9779,0,0.108026334076,0.391973665924
9782,0,0.0628499160993,0.437150083901
9785,1,0.144239428767,0.355760571233
9789,0,0.125595048199,0.374404951801
9790,0,0.25814965972,0.24185034028
9791,0,0.00858653303912,0.491413466961
9796,0,0.173459188812,0.326540811188
9802,1,0.384281222155,0.115718777845
9812,0,0.0828249715673,0.417175028433
9813,0,0.0981537486898,0.40184625131
9814,0,0.15695431329,0.34304568671
9821,1,0.233951067306,0.266048932694
9828,0,0.00519493970041,0.4948050603
9832,0,0.0632703331909,0.436729666809
9837,1,0.346214862473,0.153785137527
9840,0,0.0781169100514,0.421883089949
9844,0,0.211549548964,0.288450451036
9850,0,0.0277343517479,0.472265648252
9853,0,0.358899791824,0.141100208176
9854,1,0.171080823554,0.328919176446
9859,0,0.321837786823,0.178162213177
9863,0,0.093450107433,0.406549892567
9867,0,0.217421856299,0.282578143701
9868,0,0.0638219364506,0.436178063549
9874,1,0.140967469693,0.359032530307
9882,0,0.206930831738,0.293069168262
9885,0,0.0993278471273,0.400672152873
9888,0,0.0158119699049,0.484188030095
9896,0,0.0141728047963,0.485827195204
9898,0,0.0685621679618,0.431437832038
9904,1,0.4613427207,0.0386572793004
9909,0,0.201875636169,0.298124363831
9916,0,0.116259110928,0.383740889072
9928,0,0.00718209547029,0.49281790453
9950,0,0.0290628757852,0.470937124215
9958,1,0.423634568142,0.0763654318582
9996,0,0.378933921252,0.121066078748
9999,1,0.240044938411,0.259955061589
10000,0,0.219907452057,0.280092547943
10003,0,0.11809371625,0.38190628375
10009,0,0.00608028382489,0.493919716175
10012,0,0.161883954431,0.338116045569
10015,0,0.0527321200931,0.447267879907
10026,0,0.211507486056,0.288492513944
10046,1,0.410673630101,0.0893263698991
10049,1,0.184267834915,0.315732165085
10054,0,0.0388398569272,0.461160143073
10059,0,0.122598650723,0.377401349277
10060,0,0.00295234395234,0.497047656048
10077,0,0.12821030143,0.37178969857
10081,1,0.314576395816,0.185423604184
10093,0,0.0230855577458,0.476914442254
10098,0,0.0624157280441,0.437584271956
10115,0,0.0274072606375,0.472592739363
10128,0,0.185681154354,0.314318845646
10130,1,0.248382352698,0.251617647302
10131,1,0.293435582633,0.206564417367
10134,0,0.400606085773,0.0993939142275
10137,1,0.316393383691,0.183606616309
10154,0,0.130000006189,0.369999993811
10156,0,0.0159140783564,0.484085921644
10169,0,0.175042776586,0.324957223414
10174,0,0.252047781367,0.247952218633
10177,1,0.504197320129,0.0041973201291
10183,0,0.14523565537,0.35476434463
10184,0,0.228242678994,0.271757321006
10185,0,0.268709235878,0.231290764122
10186,0,0.382606294699,0.117393705301
10204,0,0.383105315339,0.116894684661
10208,0,0.251444178667,0.248555821333
10209,0,0.0176434629623,0.482356537038
10213,0,0.162363644499,0.337636355501
10221,1,0.379494247341,0.120505752659
10222,0,0.000715342619521,0.49928465738
10229,0,0.144938575341,0.355061424659
10237,0,0.151106304758,0.348893695242
10238,1,0.424712441697,0.0752875583027
10240,1,0.175552918569,0.324447081431
10244,0,0.450747291119,0.0492527088813
10254,0,0.448843763624,0.0511562363756
10256,0,0.308734756834,0.191265243166
10270,0,0.0117091102307,0.488290889769
10271,0,0.2349919369,0.2650080631
10275,0,0.0049910908808,0.495008909119
10289,0,0.112780243602,0.387219756398
10293,0,0.151653433359,0.348346566641
10294,1,0.554961137466,0.054961137466
10300,0,0.216050820355,0.283949179645
10302,0,0.276945966631,0.223054033369
10309,0,0.125222881361,0.374777118639
10318,1,0.468198479615,0.0318015203845
10323,0,0.134258781143,0.365741218857
10338,1,0.404375955466,0.0956240445341
10342,0,0.239986559781,0.260013440219
10349,1,0.383503898856,0.116496101144
10353,0,0.0727387912569,0.427261208743
10359,0,0.0151734365955,0.484826563404
10360,0,0.351846324797,0.148153675203
10364,1,0.28974627304,0.21025372696
10369,1,0.427015163106,0.0729848368938
10375,0,0.00399064247404,0.496009357526
10378,0,0.201393865982,0.298606134018
10387,1,0.366881525766,0.133118474234
10389,0,0.107684286922,0.392315713078
10394,0,0.207164145757,0.292835854243
10405,0,0.28116052895,0.21883947105
10412,1,0.310057565782,0.189942434218
10422,0,0.345084175815,0.154915824185
10425,0,0.0723521355796,0.42764786442
10430,0,0.334594992346,0.165405007654
10436,0,0.0878153931108,0.412184606889
10437,0,0.047702213901,0.452297786099
10448,0,0.282893692909,0.217106307091
10457,0,0.0481294566465,0.451870543354
10467,0,0.00457964367133,0.495420356329
10468,0,0.0571636362315,0.442836363768
10471,0,0.191273711742,0.308726288258
10479,0,0.0360338614426,0.463966138557
10482,1,0.0922077390104,0.40779226099
10487,0,0.207460884696,0.292539115304
10498,0,0.0943146805554,0.405685319445
10503,0,0.0540472538719,0.445952746128
10505,0,0.0713393623773,0.428660637623
10507,0,0.261571930772,0.238428069228
10508,0,0.0232091761648,0.476790823835
10521,0,0.245236816555,0.254763183445
10528,0,0.268199365805,0.231800634195
10536,0,0.195156652299,0.304843347701
10539,0,0.33124692693,0.16875307307
10542,0,0.364925083496,0.135074916504
10544,0,0.284753205363,0.215246794637
10554,0,0.202896161392,0.297103838608
10558,0,0.303576609095,0.196423390905
10565,0,0.0303897559627,0.469610244037
10567,0,0.278017653664,0.221982346336
10572,0,0.00073660636708,0.499263393633
10584,0,0.0886942690556,0.411305730944
10587,1,0.544472302583,0.0444723025835
10592,0,0.204491141842,0.295508858158
10599,0,0.103515827469,0.396484172531
10600,0,0.0751393030996,0.4248606969
10619,0,0.507008460623,0.00700846062348
10625,0,0.220567704926,0.279432295074
10631,0,0.00357119723564,0.496428802764
10632,0,0.0589439066605,0.44105609334
10633,0,0.0268811827023,0.473118817298
10639,0,0.0124583550017,0.487541644998
10641,0,0.371836066342,0.128163933658
10646,0,0.363963105305,0.136036894695
10650,1,0.433333085987,0.0666669140134
10656,0,0.0861095399252,0.413890460075
10657,0,0.17519240301,0.32480759699
10660,0,0.116482827233,0.383517172767
10661,0,0.15506775244,0.34493224756
10664,1,0.297985964587,0.202014035413
10665,0,0.161573315562,0.338426684438
10671,0,0.28444244836,0.21555755164
10673,0,0.21625162881,0.28374837119
10676,0,0.0321013329888,0.467898667011
10683,0,0.416051393298,0.0839486067015
10687,0,0.0223980300733,0.477601969927
10695,0,0.00301256613757,0.496987433862
10698,1,0.217498096141,0.282501903859
10701,0,0.0222585001462,0.477741499854
10706,0,0.0953247898834,0.404675210117
10707,0,0.0753978428978,0.424602157102
10711,0,0.097136852911,0.402863147089
10714,0,0.150698554936,0.349301445064
10719,0,0.232455527079,0.267544472921
10727,0,0.14712771116,0.35287228884
10732,1,0.313506322327,0.186493677673
10735,0,0.0707203322037,0.429279667796
10757,0,0.123292550436,0.376707449564
10761,0,0.0730655584323,0.426934441568
10763,0,0.0406235806953,0.459376419305
10786,0,0.00998057240028,0.4900194276
10789,1,0.0446749003032,0.455325099697
10793,1,0.0813502402924,0.418649759708
10804,0,0.214563998156,0.285436001844
10808,0,0.125889195153,0.374110804847
10815,1,0.387183655182,0.112816344818
10817,0,0.185974066206,0.314025933794
10820,0,0.033704740496,0.466295259504
10828,1,0.0449488551246,0.455051144875
10841,0,0.00073660636708,0.499263393633
10844,1,0.245407394479,0.254592605521
10848,0,0.0405993870903,0.45940061291
10850,0,0.0785710597714,0.421428940229
10853,1,0.360665156874,0.139334843126
10855,0,0.17140111479,0.32859888521
10857,0,0.28443425098,0.21556574902
10859,0,0.0401386743777,0.459861325622
10875,1,0.394270498085,0.105729501915
10876,0,0.105671444264,0.394328555736
10881,1,0.379992899102,0.120007100898
10882,0,0.153284113569,0.346715886431
10885,1,0.509504805653,0.00950480565252
10886,0,0.222464617702,0.277535382298
10887,0,0.119070772758,0.380929227242
10888,0,0.366432295682,0.133567704318
10896,0,0.123423296605,0.376576703395
10905,0,0.0355679079706,0.464432092029
10907,0,0.0755761615322,0.424423838468
10908,1,0.565041605665,0.0650416056648
10915,0,0.238579718279,0.261420281721
10916,0,0.467550449916,0.0324495500836
10929,0,0.207447937935,0.292552062065
10930,1,0.550987414007,0.0509874140075
10931,0,0.138407193578,0.361592806422
10932,0,0.0488681101555,0.451131889844
10934,0,0.262577873015,0.237422126985
10944,0,0.190781567492,0.309218432508
10952,0,0.0984321399918,0.401567860008
10954,1,0.131976099525,0.368023900475
10959,0,0.0389178646905,0.46108213531
10960,0,0.101719756827,0.398280243173
10962,0,0.581002904174,0.0810029041738
10967,0,0.199016882444,0.300983117556
10977,1,0.412272687474,0.0877273125258
10982,0,0.332892802766,0.167107197234
10983,0,0.336007100041,0.163992899959
10987,1,0.149037415652,0.350962584348
10988,0,0.0274072606375,0.472592739363
10993,0,0.105357585478,0.394642414522
11001,0,0.0961544655175,0.403845534482
11009,0,0.013275508362,0.486724491638
11010,0,0.338286703818,0.161713296182
11021,0,0.0473989757316,0.452601024268
11022,0,0.00167867972042,0.49832132028
11024,0,0.425224479644,0.0747755203561
11025,1,0.296751334057,0.203248665943
11029,0,0.468468022961,0.0315319770388
11030,1,0.131952779469,0.368047220531
11031,0,0.15295247056,0.34704752944
11033,1,0.469100241982,0.0308997580177
11036,0,0.165966043915,0.334033956085
11041,0,0.087279582818,0.412720417182
11046,0,0.0912401355302,0.40875986447
11049,0,0.0370161680169,0.462983831983
11052,0,0.277689981581,0.222310018419
11054,0,0.112600805606,0.387399194394
11059,0,0.208575359767,0.291424640233
11064,0,0.160745529841,0.339254470159
11074,0,0.146925125936,0.353074874064
11077,0,0.173011833907,0.326988166093
11078,0,0.165041671728,0.334958328272
11084,0,0.0868898170211,0.413110182979
11085,0,0.217309195401,0.282690804599
11086,0,0.0727870508636,0.427212949136
11091,0,0.057480085728,0.442519914272
11094,1,0.389971091652,0.110028908348
11097,1,0.384346802198,0.115653197802
11105,0,0.248966820248,0.251033179752
11111,0,0.158352653931,0.341647346069
11114,0,0.231799372622,0.268200627378
11123,0,0.513533928717,0.0135339287168
11125,0,0.265412576498,0.234587423502
11137,1,0.205049446638,0.294950553362
11151,0,0.17090416591,0.32909583409
11153,0,0.140942740338,0.359057259662
11163,0,0.0779393761253,0.422060623875
11170,0,0.0145673949408,0.485432605059
11174,0,0.124699721713,0.375300278287
11189,0,0.636236875523,0.136236875523
11204,0,0.146373859749,0.353626140251
11208,0,0.286436135226,0.213563864774
11211,0,0.0462606215937,0.453739378406
11213,0,0.0206444099803,0.47935559002
11216,0,0.304246627267,0.195753372733
11219,0,0.228799251511,0.271200748489
11224,0,0.0708276564213,0.429172343579
11232,1,0.365732194969,0.134267805031
11238,0,0.49685576046,0.00314423954013
11243,0,0.00493143444025,0.49506856556
11245,0,0.216039531804,0.283960468196
11247,0,0.093083179296,0.406916820704
11253,0,0.0951851338046,0.404814866195
11267,0,0.139630982979,0.360369017021
11281,0,0.221175902557,0.278824097443
11287,0,0.0937690488768,0.406230951123
11289,0,0.348750581172,0.151249418828
11290,0,0.166603607718,0.333396392282
11292,0,0.0235794509199,0.47642054908
11299,0,0.346885450358,0.153114549642
11302,0,0.147499359846,0.352500640154
11303,1,0.169397859171,0.330602140829
11308,1,0.239063955718,0.260936044282
11309,0,0.0833106779787,0.416689322021
11324,0,0.304233031367,0.195766968633
11335,0,0.380484635135,0.119515364865
11338,0,0.0791915281914,0.420808471809
11345,0,0.0514798237491,0.448520176251
11349,1,0.247563092884,0.252436907116
11360,0,0.0729424384626,0.427057561537
11363,0,0.0737971384567,0.426202861543
11364,0,0.102317130301,0.397682869699
11368,0,0.0380349095349,0.461965090465
11374,0,0.151188385847,0.348811614153
11377,1,0.298557771137,0.201442228863
11383,0,0.196432357777,0.303567642223
11388,0,0.123484136449,0.376515863551
11390,0,0.0187358261468,0.481264173853
11392,0,0.205578691733,0.294421308267
11395,0,0.0378444184476,0.462155581552
11396,0,0.0019712230132,0.498028776987
11401,0,0.195394552171,0.304605447829
11410,0,0.0459217986523,0.454078201348
11411,0,0.171799508584,0.328200491416
11415,0,0.345944786307,0.154055213693
11417,0,0.164585123168,0.335414876832
11421,0,0.11989627787,0.38010372213
11423,0,0.316523659776,0.183476340224
11425,0,0.166460709202,0.333539290798
11432,1,0.128156142537,0.371843857463
11437,1,0.45150220067,0.0484977993301
11441,0,0.102417850065,0.397582149935
11443,1,0.246553968677,0.253446031323
11446,1,0.404874781609,0.0951252183909
11448,0,0.382193513411,0.117806486589
11449,0,0.0184166656598,0.48158333434
11451,1,0.516913500616,0.0169135006157
11453,0,0.106394652884,0.393605347116
11454,0,0.0835869498066,0.416413050193
11457,0,0.0961152240406,0.403884775959
11458,1,0.233873412177,0.266126587823
11464,0,0.0115727628565,0.488427237143
11467,0,0.179879741997,0.320120258003
11470,0,0.212755699297,0.287244300703
11471,0,0.207117014234,0.292882985766
11473,1,0.238826124823,0.261173875177
11477,0,0.537079051406,0.0370790514061
11478,1,0.108323347263,0.391676652737
11489,1,0.264809398208,0.235190601792
11497,0,0.152838220071,0.347161779929
11502,0,0.0474041614535,0.452595838546
11509,0,0.117741096443,0.382258903557
11510,0,0.027764317907,0.472235682093
11511,1,0.586911795823,0.086911795823
11512,0,0.540233293906,0.0402332939061
11516,0,0.0703504112758,0.429649588724
11518,1,0.183344232535,0.316655767465
11519,0,0.213128227655,0.286871772345
11520,0,0.100674644625,0.399325355375
11525,0,0.335550636716,0.164449363284
11536,0,0.0514608684708,0.448539131529
11540,0,0.00577499182492,0.494225008175
11542,0,0.501771020094,0.00177102009395
11546,1,0.355989468932,0.144010531068
11549,1,0.524402123112,0.0244021231125
11550,0,0.304067898087,0.195932101913
11561,0,0.317415378104,0.182584621896
11572,0,0.0656004743644,0.434399525636
11582,1,0.1360333807,0.3639666193
11590,0,0.340072371195,0.159927628805
11599,0,0.21614276289,0.28385723711
11606,0,0.309864620835,0.190135379165
11615,0,0.098356031195,0.401643968805
11616,0,0.152441882528,0.347558117472
11622,0,0.00329379683683,0.496706203163
11623,1,0.2631077968,0.2368922032
11631,0,0.349733991255,0.150266008745
11634,0,0.0344208149915,0.465579185009
11640,0,0.144428056292,0.355571943708
11647,0,0.0248891124821,0.475110887518
11651,0,0.0757768747413,0.424223125259
11654,0,0.164603214557,0.335396785443
11667,0,0.152867674468,0.347132325532
11671,0,0.10059051764,0.39940948236
11672,0,0.0127029547112,0.487297045289
11673,0,0.0216584270179,0.478341572982
11674,0,0.118111883434,0.381888116566
11677,0,0.352361442008,0.147638557992
11681,0,0.0183106789534,0.481689321047
11682,1,0.23063493364,0.26936506636
11691,0,0.196564793158,0.303435206842
11698,0,0.0014104353977,0.498589564602
11699,0,0.170050712399,0.329949287601
11704,0,0.289693673591,0.210306326409
11705,0,0.00786646981744,0.492133530183
11711,0,0.13075236871,0.36924763129
11712,0,0.352296530391,0.147703469609
11724,1,0.480866174227,0.0191338257726
11725,0,0.156177967572,0.343822032428
11731,0,0.00300653434973,0.49699346565
11732,0,0.0166732651952,0.483326734805
11733,0,0.00357119723564,0.496428802764
11740,1,0.407493996833,0.0925060031674
11741,1,0.178060973449,0.321939026551
11753,1,0.29354341655,0.20645658345
11764,0,0.285106121765,0.214893878235
11770,1,0.270432994135,0.229567005865
11777,0,0.0353611971436,0.464638802856
11789,0,0.0504670193146,0.449532980685
11798,1,0.0468169390523,0.453183060948
11800,1,0.21339193826,0.28660806174
11809,1,0.138855407133,0.361144592867
11818,0,0.114095732118,0.385904267882
11844,0,0.12280109137,0.37719890863
11847,0,0.219744834961,0.280255165039
11851,0,0.401107339451,0.0988926605491
11852,1,0.454435094099,0.0455649059007
11858,1,0.575479088736,0.0754790887364
11859,0,0.337106157526,0.162893842474
11863,1,0.599203279192,0.0992032791917
11869,0,0.320767855984,0.179232144016
11883,0,0.033419332891,0.466580667109
11885,0,0.120602768672,0.379397231328
11892,0,0.00306421474629,0.496935785254
11903,0,0.210986250322,0.289013749678
11919,0,0.0716864328922,0.428313567108
11925,0,0.0166549149708,0.483345085029
11926,1,0.117384698795,0.382615301205
11931,0,0.207355349592,0.292644650408
11935,1,0.116392038117,0.383607961883
11939,0,0.0244882529588,0.475511747041
11942,0,0.218754649096,0.281245350904
11947,0,0.244012162438,0.255987837562
11955,1,0.012476806127,0.487523193873
11958,0,0.109946794347,0.390053205653
11978,0,0.11020886736,0.38979113264
11979,1,0.330287169657,0.169712830343
11980,0,0.22924829984,0.27075170016
11997,0,0.0543124600436,0.445687539956
12002,0,0.204880414346,0.295119585654
12004,0,0.0650675230255,0.434932476974
12009,0,0.409743270119,0.0902567298814
12015,0,0.094507080209,0.405492919791
12022,1,0.123334940312,0.376665059688
12023,1,0.446937660973,0.0530623390274
12029,0,0.0721057960498,0.42789420395
12033,0,0.0797192072286,0.420280792771
12044,0,0.384704484706,0.115295515294
12046,0,0.00394416597048,0.49605583403
12054,0,0.27508391821,0.22491608179
12056,0,0.0229619842028,0.477038015797
12060,0,0.126965486431,0.373034513569
12063,0,0.0041414357589,0.495858564241
12080,0,0.215942130785,0.284057869215
12083,0,0.173521278149,0.326478721851
12091,0,0.219796356181,0.280203643819
12098,0,0.368404555551,0.131595444449
12106,0,0.205855990571,0.294144009429
12109,0,0.634308446117,0.134308446117
12110,0,0.273662873743,0.226337126257
12115,0,0.138674310284,0.361325689716
12120,1,0.296231408614,0.203768591386
12124,1,0.104391965695,0.395608034305
12129,1,0.202359097645,0.297640902355
12132,0,0.150230073532,0.349769926468
12134,0,0.274564215468,0.225435784532
12140,0,0.0561262175424,0.443873782458
12141,0,0.37515090709,0.12484909291
12145,1,0.314472581673,0.185527418327
12146,0,0.445343559757,0.054656440243
12150,0,0.170094673112,0.329905326888
12151,0,0.152350348033,0.347649651967
12168,1,0.213646188928,0.286353811072
12172,1,0.350148843192,0.149851156808
12173,0,0.193519092399,0.306480907601
12176,0,0.412774280291,0.0872257197091
12181,0,0.00505568505427,0.494944314946
12184,0,0.472417333848,0.0275826661525
12188,0,0.374300521909,0.125699478091
12191,1,0.401083129205,0.0989168707953
12198,0,0.147278606203,0.352721393797
12201,1,0.193503178836,0.306496821164
12202,1,0.182368321778,0.317631678222
12205,1,0.0588926122655,0.441107387734
12206,0,0.0155071877956,0.484492812204
12208,0,0.125425114999,0.374574885001
12210,1,0.309534492198,0.190465507802
12212,0,0.0694676786909,0.430532321309
12216,1,0.329556521975,0.170443478025
12222,0,0.26127403181,0.23872596819
12228,1,0.152113275805,0.347886724195
12229,0,0.072405357235,0.427594642765
12231,0,0.157614714973,0.342385285027
12234,1,0.438308685264,0.0616913147365
12237,0,0.452052740272,0.0479472597282
12248,0,0.0287766690829,0.471223330917
12258,0,0.44425241082,0.0557475891802
12264,0,0.026722175602,0.473277824398
12272,1,0.410412882274,0.0895871177262
12278,0,0.39125171952,0.10874828048
12284,0,0.0951653904796,0.40483460952
12290,0,0.022755916598,0.477244083402
12292,0,0.00250512927932,0.497494870721
12301,0,0.00245362258379,0.497546377416
12308,0,0.243650365069,0.256349634931
12313,1,0.154557602816,0.345442397184
12321,0,0.0180244490383,0.481975550962
12327,0,0.0124349491849,0.487565050815
12328,0,0.209040720593,0.290959279407
12329,0,0.0594829290334,0.440517070967
