feature,selected_runs,frequency,positive_runs,negative_runs,sign_consistency_given_selection_nonzero,mean_rank_selected,mean_weight_selected,std_weight_selected,min_weight_selected,max_weight_selected
Administrative,11,0.55,0,11,1,5,-0.0251715744899,0.00135133189667,-0.0271253390363,-0.0227973339846
Administrative_Duration,0,0,0,0,,,,,,
Informational,0,0,0,0,,,,,,
Informational_Duration,5,0.25,0,5,1,3.2,-0.0327737844265,0.00195702333639,-0.0351350174387,-0.0300718685621
ProductRelated,0,0,0,0,,,,,,
ProductRelated_Duration,20,1,20,0,1,2,0.0524261839986,0.00224351956023,0.0491941840375,0.0587231381408
BounceRates,20,1,20,0,1,3.6,0.0291182400457,0.00197485239892,0.0265861331406,0.0343432716607
ExitRates,16,0.8,16,0,1,3.8125,0.0286656066647,0.00232880797927,0.025228280898,0.0330107839656
SpecialDay,0,0,0,0,,,,,,
Month,8,0.4,0,8,1,4.5,-0.0269605352514,0.00160890449748,-0.029336714452,-0.0243895895817
OperatingSystems,0,0,0,0,,,,,,
Browser,0,0,0,0,,,,,,
Region,0,0,0,0,,,,,,
TrafficType,0,0,0,0,,,,,,
VisitorType,20,1,20,0,1,1,0.0791964567542,0.00316779023911,0.0744097456129,0.0868058200714
Weekend,0,0,0,0,,,,,,
