case,experiment,seed,samples,feature,predicate,rank,weight,direction
near_threshold,seed_stability,0,5000,VisitorType,VisitorType=New_Visitor,1,0.0813478951428,positive
near_threshold,seed_stability,0,5000,ProductRelated_Duration,ProductRelated_Duration > 1470.08,2,0.0512473603367,positive
near_threshold,seed_stability,0,5000,ExitRates,0.01 < ExitRates <= 0.03,3,0.029700704237,positive
near_threshold,seed_stability,0,5000,BounceRates,BounceRates <= 0.00,4,0.0279475817222,positive
near_threshold,seed_stability,0,5000,Administrative,Administrative <= 0.00,5,-0.0245711698868,negative
near_threshold,seed_stability,1,5000,VisitorType,VisitorType=New_Visitor,1,0.0754530270353,positive
near_threshold,seed_stability,1,5000,ProductRelated_Duration,ProductRelated_Duration > 1470.08,2,0.054245081923,positive
near_threshold,seed_stability,1,5000,BounceRates,BounceRates <= 0.00,3,0.0295322438221,positive
near_threshold,seed_stability,1,5000,Month,Month=May,4,-0.02724609462,negative
near_threshold,seed_stability,1,5000,ExitRates,0.01 < ExitRates <= 0.03,5,0.0272148562928,positive
near_threshold,seed_stability,2,5000,VisitorType,VisitorType=New_Visitor,1,0.0816918453643,positive
near_threshold,seed_stability,2,5000,ProductRelated_Duration,ProductRelated_Duration > 1470.08,2,0.0512506429131,positive
near_threshold,seed_stability,2,5000,ExitRates,0.01 < ExitRates <= 0.03,3,0.0319008129326,positive
near_threshold,seed_stability,2,5000,BounceRates,BounceRates <= 0.00,4,0.0283634519071,positive
near_threshold,seed_stability,2,5000,Administrative,Administrative <= 0.00,5,-0.025998110647,negative
near_threshold,seed_stability,3,5000,VisitorType,VisitorType=New_Visitor,1,0.0822978052068,positive
near_threshold,seed_stability,3,5000,ProductRelated_Duration,ProductRelated_Duration > 1470.08,2,0.0495123984842,positive
near_threshold,seed_stability,3,5000,ExitRates,0.01 < ExitRates <= 0.03,3,0.0319694614415,positive
near_threshold,seed_stability,3,5000,BounceRates,BounceRates <= 0.00,4,0.0265861331406,positive
near_threshold,seed_stability,3,5000,Month,Month=May,5,-0.0255626401896,negative
near_threshold,seed_stability,4,5000,VisitorType,VisitorType=New_Visitor,1,0.0750432141445,positive
near_threshold,seed_stability,4,5000,ProductRelated_Duration,ProductRelated_Duration > 1470.08,2,0.0525986350206,positive
near_threshold,seed_stability,4,5000,BounceRates,BounceRates <= 0.00,3,0.0281705009173,positive
near_threshold,seed_stability,4,5000,ExitRates,0.01 < ExitRates <= 0.03,4,0.0271720439023,positive
near_threshold,seed_stability,4,5000,Administrative,Administrative <= 0.00,5,-0.0227973339846,negative
near_threshold,seed_stability,5,5000,VisitorType,VisitorType=New_Visitor,1,0.0768778852985,positive
near_threshold,seed_stability,5,5000,ProductRelated_Duration,ProductRelated_Duration > 1470.08,2,0.0531163947334,positive
near_threshold,seed_stability,5,5000,BounceRates,BounceRates <= 0.00,3,0.0275198515419,positive
near_threshold,seed_stability,5,5000,ExitRates,0.01 < ExitRates <= 0.03,4,0.027231185684,positive
near_threshold,seed_stability,5,5000,Administrative,Administrative <= 0.00,5,-0.0258986202149,negative
near_threshold,seed_stability,6,5000,VisitorType,VisitorType=New_Visitor,1,0.0868058200714,positive
near_threshold,seed_stability,6,5000,ProductRelated_Duration,ProductRelated_Duration > 1470.08,2,0.0508502947269,positive
near_threshold,seed_stability,6,5000,BounceRates,BounceRates <= 0.00,3,0.0305100729206,positive
near_threshold,seed_stability,6,5000,ExitRates,0.01 < ExitRates <= 0.03,4,0.0287955280492,positive
near_threshold,seed_stability,6,5000,Month,Month=May,5,-0.0283867556021,negative
near_threshold,seed_stability,7,5000,VisitorType,VisitorType=New_Visitor,1,0.0798109959163,positive
near_threshold,seed_stability,7,5000,ProductRelated_Duration,ProductRelated_Duration > 1470.08,2,0.0519855703333,positive
near_threshold,seed_stability,7,5000,Informational_Duration,Informational_Duration <= 0.00,3,-0.0318449667152,negative
near_threshold,seed_stability,7,5000,BounceRates,BounceRates <= 0.00,4,0.0294840161573,positive
near_threshold,seed_stability,7,5000,ExitRates,0.01 < ExitRates <= 0.03,5,0.0278423910059,positive
near_threshold,seed_stability,8,5000,VisitorType,VisitorType=New_Visitor,1,0.0820065860234,positive
near_threshold,seed_stability,8,5000,ProductRelated_Duration,ProductRelated_Duration > 1470.08,2,0.052213838446,positive
near_threshold,seed_stability,8,5000,ExitRates,0.01 < ExitRates <= 0.03,3,0.0312447480349,positive
near_threshold,seed_stability,8,5000,BounceRates,BounceRates <= 0.00,4,0.0266287829711,positive
near_threshold,seed_stability,8,5000,Administrative,Administrative <= 0.00,5,-0.0235361264872,negative
near_threshold,seed_stability,9,5000,VisitorType,VisitorType=New_Visitor,1,0.0835452425655,positive
near_threshold,seed_stability,9,5000,ProductRelated_Duration,ProductRelated_Duration > 1470.08,2,0.0518200415265,positive
near_threshold,seed_stability,9,5000,BounceRates,BounceRates <= 0.00,3,0.0343432716607,positive
near_threshold,seed_stability,9,5000,ExitRates,0.01 < ExitRates <= 0.03,4,0.0273845812521,positive
near_threshold,seed_stability,9,5000,Administrative,Administrative <= 0.00,5,-0.0248937697422,negative
near_threshold,seed_stability,10,5000,VisitorType,VisitorType=New_Visitor,1,0.0744097456129,positive
near_threshold,seed_stability,10,5000,ProductRelated_Duration,ProductRelated_Duration > 1470.08,2,0.0550220746731,positive
near_threshold,seed_stability,10,5000,Informational_Duration,Informational_Duration <= 0.00,3,-0.032785849997,negative
near_threshold,seed_stability,10,5000,ExitRates,0.01 < ExitRates <= 0.03,4,0.0289813773463,positive
near_threshold,seed_stability,10,5000,BounceRates,BounceRates <= 0.00,5,0.0274130978848,positive
near_threshold,seed_stability,11,5000,VisitorType,VisitorType=New_Visitor,1,0.0787748254261,positive
near_threshold,seed_stability,11,5000,ProductRelated_Duration,ProductRelated_Duration > 1470.08,2,0.0534347114321,positive
near_threshold,seed_stability,11,5000,ExitRates,0.01 < ExitRates <= 0.03,3,0.0330107839656,positive
near_threshold,seed_stability,11,5000,Informational_Duration,Informational_Duration <= 0.00,4,-0.0300718685621,negative
near_threshold,seed_stability,11,5000,BounceRates,BounceRates <= 0.00,5,0.0294090868132,positive
near_threshold,seed_stability,12,5000,VisitorType,VisitorType=New_Visitor,1,0.0775358806911,positive
near_threshold,seed_stability,12,5000,ProductRelated_Duration,ProductRelated_Duration > 1470.08,2,0.0535226529202,positive
near_threshold,seed_stability,12,5000,BounceRates,BounceRates <= 0.00,3,0.0300585031108,positive
near_threshold,seed_stability,12,5000,ExitRates,0.01 < ExitRates <= 0.03,4,0.025228280898,positive
near_threshold,seed_stability,12,5000,Month,Month=May,5,-0.0243895895817,negative
near_threshold,seed_stability,13,5000,VisitorType,VisitorType=New_Visitor,1,0.0776070621987,positive
near_threshold,seed_stability,13,5000,ProductRelated_Duration,ProductRelated_Duration > 1470.08,2,0.0494142715451,positive
near_threshold,seed_stability,13,5000,BounceRates,BounceRates <= 0.00,3,0.030768265267,positive
near_threshold,seed_stability,13,5000,ExitRates,0.01 < ExitRates <= 0.03,4,0.0254948988157,positive
near_threshold,seed_stability,13,5000,Administrative,Administrative <= 0.00,5,-0.0251916351233,negative
near_threshold,seed_stability,14,5000,VisitorType,VisitorType=New_Visitor,1,0.0777926689654,positive
near_threshold,seed_stability,14,5000,ProductRelated_Duration,ProductRelated_Duration > 1470.08,2,0.0500089020642,positive
near_threshold,seed_stability,14,5000,BounceRates,BounceRates <= 0.00,3,0.0300334011282,positive
near_threshold,seed_stability,14,5000,Month,Month=May,4,-0.0261542620702,negative
near_threshold,seed_stability,14,5000,Administrative,Administrative <= 0.00,5,-0.0240862194095,negative
near_threshold,seed_stability,15,5000,VisitorType,VisitorType=New_Visitor,1,0.0789177701282,positive
near_threshold,seed_stability,15,5000,ProductRelated_Duration,ProductRelated_Duration > 1470.08,2,0.0529891437522,positive
near_threshold,seed_stability,15,5000,Informational_Duration,Informational_Duration <= 0.00,3,-0.0351350174387,negative
near_threshold,seed_stability,15,5000,BounceRates,BounceRates <= 0.00,4,0.0285543987396,positive
near_threshold,seed_stability,15,5000,Administrative,Administrative <= 0.00,5,-0.0259987847034,negative
near_threshold,seed_stability,16,5000,VisitorType,VisitorType=New_Visitor,1,0.0780883412998,positive
near_threshold,seed_stability,16,5000,ProductRelated_Duration,ProductRelated_Duration > 1470.08,2,0.0587231381408,positive
near_threshold,seed_stability,16,5000,BounceRates,BounceRates <= 0.00,3,0.0328635533294,positive
near_threshold,seed_stability,16,5000,ExitRates,0.01 < ExitRates <= 0.03,4,0.0284283197486,positive
near_threshold,seed_stability,16,5000,Month,Month=May,5,-0.0279779450206,negative
near_threshold,seed_stability,17,5000,VisitorType,VisitorType=New_Visitor,1,0.0780955534654,positive
near_threshold,seed_stability,17,5000,ProductRelated_Duration,ProductRelated_Duration > 1470.08,2,0.053671059154,positive
near_threshold,seed_stability,17,5000,BounceRates,BounceRates <= 0.00,3,0.0287871958133,positive
near_threshold,seed_stability,17,5000,ExitRates,0.01 < ExitRates <= 0.03,4,0.027049733028,positive
near_threshold,seed_stability,17,5000,Month,Month=May,5,-0.0266302804749,negative
near_threshold,seed_stability,18,5000,VisitorType,VisitorType=New_Visitor,1,0.0816919101756,positive
near_threshold,seed_stability,18,5000,ProductRelated_Duration,ProductRelated_Duration > 1470.08,2,0.0537032838083,positive
near_threshold,seed_stability,18,5000,Month,Month=May,3,-0.029336714452,negative
near_threshold,seed_stability,18,5000,BounceRates,BounceRates <= 0.00,4,0.0271403366044,positive
near_threshold,seed_stability,18,5000,Administrative,Administrative <= 0.00,5,-0.0271253390363,negative
near_threshold,seed_stability,19,5000,VisitorType,VisitorType=New_Visitor,1,0.0761350603521,positive
near_threshold,seed_stability,19,5000,ProductRelated_Duration,ProductRelated_Duration > 1470.08,2,0.0491941840375,positive
near_threshold,seed_stability,19,5000,Informational_Duration,Informational_Duration <= 0.00,3,-0.0340312194195,negative
near_threshold,seed_stability,19,5000,BounceRates,BounceRates <= 0.00,4,0.0282510554629,positive
near_threshold,seed_stability,19,5000,Administrative,Administrative <= 0.00,5,-0.026790210154,negative
near_threshold,sample_budget,0,1000,VisitorType,VisitorType=New_Visitor,1,0.0777931271564,positive
near_threshold,sample_budget,0,1000,ProductRelated_Duration,ProductRelated_Duration > 1470.08,2,0.0437408138553,positive
near_threshold,sample_budget,0,1000,Informational_Duration,Informational_Duration <= 0.00,3,-0.038341922436,negative
near_threshold,sample_budget,0,1000,ExitRates,0.01 < ExitRates <= 0.03,4,0.0337793363488,positive
near_threshold,sample_budget,0,1000,BounceRates,BounceRates <= 0.00,5,0.026034566834,positive
near_threshold,sample_budget,0,10000,VisitorType,VisitorType=New_Visitor,1,0.0796197691741,positive
near_threshold,sample_budget,0,10000,ProductRelated_Duration,ProductRelated_Duration > 1470.08,2,0.0527262240394,positive
near_threshold,sample_budget,0,10000,Informational_Duration,Informational_Duration <= 0.00,3,-0.0336364260828,negative
near_threshold,sample_budget,0,10000,BounceRates,BounceRates <= 0.00,4,0.0259025376854,positive
near_threshold,sample_budget,0,10000,Administrative,Administrative <= 0.00,5,-0.024037734186,negative
high_scoring_purchaser,session_comparison,0,5000,VisitorType,VisitorType=Returning_Visitor,1,-0.0762273774829,negative
high_scoring_purchaser,session_comparison,0,5000,ExitRates,ExitRates <= 0.01,2,0.0585646105337,positive
high_scoring_purchaser,session_comparison,0,5000,Month,Month=Nov,3,0.0560678364244,positive
high_scoring_purchaser,session_comparison,0,5000,ProductRelated_Duration,ProductRelated_Duration > 1470.08,4,0.0511305794041,positive
high_scoring_purchaser,session_comparison,0,5000,ProductRelated,ProductRelated > 38.00,5,0.0244804651602,positive
low_scoring_non_purchaser,session_comparison,0,5000,VisitorType,VisitorType=Returning_Visitor,1,-0.0795532015645,negative
low_scoring_non_purchaser,session_comparison,0,5000,ProductRelated_Duration,ProductRelated_Duration <= 183.65,2,-0.0637383321701,negative
low_scoring_non_purchaser,session_comparison,0,5000,ExitRates,ExitRates > 0.05,3,-0.0539469274068,negative
low_scoring_non_purchaser,session_comparison,0,5000,BounceRates,BounceRates > 0.02,4,-0.03736686486,negative
low_scoring_non_purchaser,session_comparison,0,5000,Administrative,Administrative <= 0.00,5,-0.0245295865348,negative
