case,experiment,seed,samples,weighted_r2,surrogate_prediction,black_box_score,absolute_point_error,intercept
near_threshold,seed_stability,0,5000,0.264514790566,0.304438784074,0.498317913647,0.193879129573,0.138766412523
near_threshold,seed_stability,1,5000,0.272997361029,0.292340240125,0.498317913647,0.205977673523,0.133141125671
near_threshold,seed_stability,2,5000,0.282717083339,0.304516544331,0.498317913647,0.193801369317,0.137307901861
near_threshold,seed_stability,3,5000,0.266155998288,0.297668885008,0.498317913647,0.200649028639,0.132865726925
near_threshold,seed_stability,4,5000,0.26483109138,0.297203583507,0.498317913647,0.20111433014,0.137016523507
near_threshold,seed_stability,5,5000,0.271281269201,0.297667420105,0.498317913647,0.200650493542,0.138820723062
near_threshold,seed_stability,6,5000,0.295995003268,0.302994805362,0.498317913647,0.195323108285,0.134419845196
near_threshold,seed_stability,7,5000,0.275573667532,0.309371671696,0.498317913647,0.188946241951,0.152093664998
near_threshold,seed_stability,8,5000,0.271644659321,0.30623300516,0.498317913647,0.192084908487,0.137675176172
near_threshold,seed_stability,9,5000,0.277345002425,0.307895639644,0.498317913647,0.190422274003,0.135696272382
near_threshold,seed_stability,10,5000,0.26477328763,0.307272239847,0.498317913647,0.1910456738,0.154231794327
near_threshold,seed_stability,11,5000,0.281989776107,0.313019804693,0.498317913647,0.185298108954,0.148462265618
near_threshold,seed_stability,12,5000,0.262277986517,0.295820120022,0.498317913647,0.202497793625,0.133864391984
near_threshold,seed_stability,13,5000,0.264151763509,0.297469941481,0.498317913647,0.200847972166,0.139377078778
near_threshold,seed_stability,14,5000,0.266999217999,0.259490121436,0.498317913647,0.238827792212,0.151895630758
near_threshold,seed_stability,15,5000,0.267239289851,0.276349613916,0.498317913647,0.221968299731,0.177022103438
near_threshold,seed_stability,16,5000,0.275809178981,0.302769070452,0.498317913647,0.195548843195,0.132643662954
near_threshold,seed_stability,17,5000,0.259104669114,0.295852031791,0.498317913647,0.202465881857,0.134878770805
near_threshold,seed_stability,18,5000,0.284808760095,0.262746205418,0.498317913647,0.235571708229,0.156672728318
near_threshold,seed_stability,19,5000,0.263742675941,0.267861109085,0.498317913647,0.230456804563,0.175102238806
near_threshold,sample_budget,0,1000,0.291640004568,0.30449292327,0.498317913647,0.193824990377,0.161487001512
near_threshold,sample_budget,0,10000,0.271416814199,0.273872069994,0.498317913647,0.224445843653,0.173297699364
high_scoring_purchaser,session_comparison,0,5000,0.378077250269,0.301854271074,0.605417674272,0.303563403198,0.187838157034
low_scoring_non_purchaser,session_comparison,0,5000,0.362165411149,0.0273820845643,0,0.0273820845643,0.2865169971
