case,background,feature,rank,weight,direction
near_threshold,A_overall_train,VisitorType,1,0.161344302649,positive
near_threshold,A_overall_train,ExitRates,2,0.0427515577711,positive
near_threshold,A_overall_train,ProductRelated_Duration,3,0.0393410814221,positive
near_threshold,A_overall_train,TrafficType,4,0.0233507330309,positive
near_threshold,A_overall_train,BounceRates,5,0.0231831331247,positive
near_threshold,A_overall_train,Administrative_Duration,6,0.0157886416016,positive
near_threshold,A_overall_train,Browser,7,0.0125846700516,positive
near_threshold,A_overall_train,ProductRelated,8,0.0107962381923,positive
near_threshold,A_overall_train,Region,9,-0.00705232293574,negative
near_threshold,A_overall_train,Weekend,10,0.00697475919993,positive
near_threshold,A_overall_train,Informational_Duration,11,-0.00463650342868,negative
near_threshold,A_overall_train,Informational,12,0.00241136427091,positive
near_threshold,A_overall_train,SpecialDay,13,0.0017231699453,positive
near_threshold,A_overall_train,Administrative,14,-0.00153584906809,negative
near_threshold,A_overall_train,Month,15,-0.00122824246363,negative
near_threshold,A_overall_train,OperatingSystems,16,-0.000687795524555,negative
high_scoring_purchaser,A_overall_train,Month,1,0.115467134592,positive
high_scoring_purchaser,A_overall_train,ProductRelated_Duration,2,0.105789051734,positive
high_scoring_purchaser,A_overall_train,ExitRates,3,0.0662532515289,positive
high_scoring_purchaser,A_overall_train,ProductRelated,4,0.0486864930072,positive
high_scoring_purchaser,A_overall_train,Administrative,5,0.0290419635102,positive
high_scoring_purchaser,A_overall_train,Administrative_Duration,6,0.0289734491066,positive
high_scoring_purchaser,A_overall_train,BounceRates,7,0.0250759490333,positive
high_scoring_purchaser,A_overall_train,TrafficType,8,-0.0146604474079,negative
high_scoring_purchaser,A_overall_train,OperatingSystems,9,0.0145803978595,positive
high_scoring_purchaser,A_overall_train,Weekend,10,0.0113138438793,positive
high_scoring_purchaser,A_overall_train,Region,11,0.00608014983632,positive
high_scoring_purchaser,A_overall_train,Browser,12,-0.0059942574364,negative
high_scoring_purchaser,A_overall_train,SpecialDay,13,0.00335455228505,positive
high_scoring_purchaser,A_overall_train,Informational_Duration,14,-0.00195073857185,negative
high_scoring_purchaser,A_overall_train,VisitorType,15,0.00160700286619,positive
high_scoring_purchaser,A_overall_train,Informational,16,-0.00140909735954,negative
low_scoring_non_purchaser,A_overall_train,ExitRates,1,-0.0361317291127,negative
low_scoring_non_purchaser,A_overall_train,Month,2,-0.0203931219716,negative
low_scoring_non_purchaser,A_overall_train,ProductRelated_Duration,3,-0.0195430711237,negative
low_scoring_non_purchaser,A_overall_train,BounceRates,4,-0.0184402187023,negative
low_scoring_non_purchaser,A_overall_train,Administrative,5,-0.017920906035,negative
low_scoring_non_purchaser,A_overall_train,Administrative_Duration,6,-0.0129930911366,negative
low_scoring_non_purchaser,A_overall_train,ProductRelated,7,-0.0129000517214,negative
low_scoring_non_purchaser,A_overall_train,TrafficType,8,-0.00989362183517,negative
low_scoring_non_purchaser,A_overall_train,VisitorType,9,-0.00825350175868,negative
low_scoring_non_purchaser,A_overall_train,SpecialDay,10,-0.00822176200065,negative
low_scoring_non_purchaser,A_overall_train,Informational_Duration,11,-0.00667062265944,negative
low_scoring_non_purchaser,A_overall_train,Region,12,0.00462061017013,positive
low_scoring_non_purchaser,A_overall_train,OperatingSystems,13,-0.00403338520443,negative
low_scoring_non_purchaser,A_overall_train,Informational,14,-0.00374980048816,negative
low_scoring_non_purchaser,A_overall_train,Browser,15,0.00172551396026,positive
low_scoring_non_purchaser,A_overall_train,Weekend,16,-0.000410216189073,negative
near_threshold,B_nonpurchase_train,VisitorType,1,0.17229667906,positive
near_threshold,B_nonpurchase_train,ProductRelated_Duration,2,0.0524573771005,positive
near_threshold,B_nonpurchase_train,ExitRates,3,0.0470196314331,positive
near_threshold,B_nonpurchase_train,TrafficType,4,0.027439137755,positive
near_threshold,B_nonpurchase_train,BounceRates,5,0.0228866718311,positive
near_threshold,B_nonpurchase_train,ProductRelated,6,0.0216554830657,positive
near_threshold,B_nonpurchase_train,Administrative_Duration,7,0.0206638895981,positive
near_threshold,B_nonpurchase_train,Browser,8,0.0130173546774,positive
near_threshold,B_nonpurchase_train,Month,9,0.00573402906476,positive
near_threshold,B_nonpurchase_train,OperatingSystems,10,0.00438520458859,positive
near_threshold,B_nonpurchase_train,Weekend,11,0.00371829595104,positive
near_threshold,B_nonpurchase_train,Region,12,-0.00316231674767,negative
near_threshold,B_nonpurchase_train,Administrative,13,0.00313981254331,positive
near_threshold,B_nonpurchase_train,Informational,14,0.00243786964152,positive
near_threshold,B_nonpurchase_train,Informational_Duration,15,-0.00224585419594,negative
near_threshold,B_nonpurchase_train,SpecialDay,16,0.0014932577929,positive
