feature,A_value,B_value,delta_B_minus_A,A_rank,B_rank,sign_change
Administrative,-0.00153584906809,0.00313981254331,0.0046756616114,14,13,True
Administrative_Duration,0.0157886416016,0.0206638895981,0.00487524799657,6,7,False
Informational,0.00241136427091,0.00243786964152,2.65053706085e-05,12,14,False
Informational_Duration,-0.00463650342868,-0.00224585419594,0.00239064923273,11,15,False
ProductRelated,0.0107962381923,0.0216554830657,0.0108592448733,8,6,False
ProductRelated_Duration,0.0393410814221,0.0524573771005,0.0131162956784,3,2,False
BounceRates,0.0231831331247,0.0228866718311,-0.000296461293588,5,5,False
ExitRates,0.0427515577711,0.0470196314331,0.004268073662,2,3,False
SpecialDay,0.0017231699453,0.0014932577929,-0.000229912152397,13,16,False
Month,-0.00122824246363,0.00573402906476,0.00696227152839,15,9,True
OperatingSystems,-0.000687795524555,0.00438520458859,0.00507300011315,16,10,True
Browser,0.0125846700516,0.0130173546774,0.000432684625776,7,8,False
Region,-0.00705232293574,-0.00316231674767,0.00389000618807,9,12,False
TrafficType,0.0233507330309,0.027439137755,0.00408840472405,4,4,False
VisitorType,0.161344302649,0.17229667906,0.0109523764112,1,1,False
Weekend,0.00697475919993,0.00371829595104,-0.00325646324889,10,11,False
