background,row_index,feature_sha256,Revenue
A_overall_train,11963,45d81231b9f85b80ccf637e25ee8a72ce001f872c5fc8794ce67f105d07d2576,0
A_overall_train,9567,833c549c9618c314b3ed96c5a7d76c12ca32d0836f79afd377a47bf913572acc,0
A_overall_train,9317,aab73921de5f3651fb876ccd20a608ccd3c85192fda7f5d91eb44986cb50bd7e,0
A_overall_train,6696,a0755267abc1ba3321441d35a240a98f9a5447560a42de72cd384ae0265546e2,0
A_overall_train,2423,e59cd1dab4b61e4939dceabf09478898e921ae730355ce556cb64cc391364e58,0
A_overall_train,6105,f65871ca4dc59a91bde0ace5ae14390b813c8b776f7c8245f16ff253b4ae5a20,0
A_overall_train,5547,45e98281e2e13cbf8864efb4a3d1428412966c9a9a7e08e28e26c37416eeaff0,0
A_overall_train,411,ba46d52d0c3f95c790d796b7123e9d02a807df8fbea36f2a43cd6631ab5f3ad6,0
A_overall_train,8598,883a6cc9c36dbddc54915bf42c52899a16ea6da74cf09482cf23c6a5b1ee625b,0
A_overall_train,8283,31b35a546cce5c82d04c0f884e45b63631ea126474db611a3a26913a0a5d038c,0
A_overall_train,5414,9535c96132fe58494f3e8d16b230fb2b513508f4eb9b8e9b5e1d15b0e52e4a98,0
A_overall_train,11771,d603a3bc5b2ab9c210822b99222f6f693ad5924bbc37318b0c04b25fdeed9247,1
A_overall_train,6773,73a044a0c4fb4077251398bbd2072ffe611ac5bbbac7369a744cbf8ce3145e17,0
A_overall_train,1819,96316ce8a10a41b66c8459859139c5ae793fbabd59ae1ef5e4fd9e14450ff4d8,0
A_overall_train,1192,6c293af4f351249491829e97fc42eb2c959dc1d96c66188d5830414d09ce52e2,0
A_overall_train,3469,5d2f3d2a21c54a678753fd9d3b7671ab766fa37d0eda7477c31c1c3ec3a07164,0
A_overall_train,11832,cfd48d392e982415191a356e3ba3755d310061ade8c6eb88454b0df208f52db6,1
A_overall_train,4242,bb308344dbfdd6bb101bf789760486ca6ee964c811033794eaaa8da51512a6f6,0
A_overall_train,10337,58057ea681f0dd3ad0f6e6342bbba69de82d1eb9fabb2b033ddaabc6d6de7114,0
A_overall_train,8513,3456790519ee2049e46b32f8ca81e6d4039c06d74d7103a4280229c6badfe63c,0
A_overall_train,1614,ad2974c1b7b35f4667187a15aef033bec0ad459b59790fa5df02ed4401277ad0,0
A_overall_train,1172,03c8ba5fb0c2fd73ef6308f7aff608a80fd727306aac121925e847581af06738,0
A_overall_train,9098,24e98a081061b0967f99bc110c05545f7ef0be212d91037b85aa6e934aa36d80,0
A_overall_train,8143,87fa7ee2771c5b58b848caa0010a68f1f41c6fa9c591198fcc78a3ca5f8f8bd3,0
A_overall_train,3310,8062d722de5e1e85d41ce1dc8351bddb02d5629d01bb244db3ab723096bf12a2,0
A_overall_train,6453,14668a6b5e40191cec82dd1d365e6bc2f3e0adda9971c8a21164bdf8c42573d9,0
A_overall_train,10427,865b8f3fef74f8cd6436106f67eb587144d6a47ad646cb165cf8bf58999669eb,1
A_overall_train,2017,c3e66e093faac02441123168040495f849603bc22cf5722743e80bf9b3cca633,0
A_overall_train,2137,0cdb5868249d1350488b7e37ca19dc1d010c77a36234aca4b2eae318fca633a8,0
A_overall_train,7901,0ae4656725362798722f691618c83cb44872f6c4b8674fcc60dfaf236b824554,0
A_overall_train,11713,ba37a72e13a5abb497929438fa151ca212092f4fdd46256c514cf3853067b215,0
A_overall_train,7227,bc7ee60ba005874f506ae48a633f7bdd89dbc33e44d0f1cac0787c8322d2e2b9,0
A_overall_train,4584,cc39b03cdc22a2325e6d86c6fc7fa00dc6651ae86507ff9c1558dbcbaa11654d,0
A_overall_train,1967,52580bcf356da7dce823fc8854008232ab7ca74356acefa86886973eda94914b,1
A_overall_train,9835,3258170f18ac5060f68caccf1923ea71a594fc13734e18c3fe7d0da8ae273537,0
A_overall_train,12135,8d9d446ce0e83ac4e1b5a1937ebf91958c789267ca977443745a5f1209309921,0
A_overall_train,10970,79e430c102faeb7e50fd836e0f269c756aee2974316560fc8d0a06f215509787,0
A_overall_train,12165,58acfc1b8631133baeda0677449ef87986991b0e2ea2f6b1bf5aa194080e7032,1
A_overall_train,9666,470add7d6c318ccfe3d5c227f89be341784b9d62a637559fe1e0f5a550bb9413,0
A_overall_train,9153,3825884a6d4d34bfcbd8c503584f8c2b35616aa72353a5cf7d1765eebb02ae3c,1
A_overall_train,949,16b60b1949747fea5a92fa7a2859a4e5b696fd55bda5c17c71106697d0779862,0
A_overall_train,12221,4b598558377aa61f9fe2a11380393ffbf4dc4e78f7c53a18d765562de8ef303a,1
A_overall_train,6274,c22bf963db211f57d7974e97663b6e4eb89f2083a66e5b256f08dbf10c1598f3,0
A_overall_train,8896,5e74dbbe53319a3723272c39e38c21fb1c4c338e75601d11264d077378c77834,0
A_overall_train,10182,59700da7e2d3fdc10dec72f32448c514063be64bb00b3d8bf1afcac787202e02,1
A_overall_train,11916,7dbe7bd6ac4bc7b14cd926f1dd3af77bf0714b2921eb9a6eebbe192b809f71c3,0
A_overall_train,10722,b9803480728067b2dc3081f9059136023898b37ee87e9bf4803fd88c92aa6ac4,0
A_overall_train,9994,b3e51ca7fc117bca2a84c20f5207ced8660979f5bc5ad6b8d95151acb930e997,1
A_overall_train,3808,250bef4fb908587218cab0fb9eb6aa3ca3ad8e770826290d98d198882c64a86d,0
A_overall_train,5730,f99fb32b023afd55ef86aa1a4c86ec4d73875ddd77471497ff0002da97c09f8c,0
B_nonpurchase_train,2299,78d4e7d6ebdf61e4935a2049ae148d3e322ccd5ac62d806dc0ad51c7f5ba9d74,0
B_nonpurchase_train,11501,eb2cc172ae8b49ccf4fd9b1ec71f30768c9028f0147caf07e804bba20183e69d,0
B_nonpurchase_train,6971,01d89966b94d344a142fc1f6a3d3272d4d728aea0322e90aedee55f01570375d,0
B_nonpurchase_train,6184,3164e13d08a818b5804f1e6306bea60849ab7e04bca035439d2680948160a5ed,0
B_nonpurchase_train,6581,6ff1837e6712d9aab2fc9c43d04d28dfccebce39b4877ac45ec4e5b5cec76152,0
B_nonpurchase_train,6680,28b987b51f01545a5d93180d983c0c75e8ad35b357347fffd09719cd09419937,0
B_nonpurchase_train,8123,dc43d4087cde61171389b7e89863c498957b69ba8cad5c32bcf6af8e4098ad0c,0
B_nonpurchase_train,467,313343d10e01c6789bcf8e825d22a45e6e82929a60b1bfdf667edc478bf64a13,0
B_nonpurchase_train,6533,e7558f81efde483ceb240a5e0b323c8fddb4fcef0a512f03c2e3868a7cedf2ca,0
B_nonpurchase_train,7979,4b405028741f34f8b8e94cf5a0137a28fdc30cc57d110765eafc8ff588a1de16,0
B_nonpurchase_train,4674,c30c8e95dfa0c0c23b410d774684841711eee9d6103f82d09051bc07f6a19be5,0
B_nonpurchase_train,10667,5d8cbf53fcbe97283529c7d9931394e3db1139c93dc221e823d2376a241f3185,0
B_nonpurchase_train,6250,31eaf501934ce34bace9d7aec2343f36e430866ef0d0b3264f6435aa1ff79ef6,0
B_nonpurchase_train,11265,c71efd3ab4902093b53ec7f3c90c0c00c5c472ddbc9e9956f58ec54810797dc1,0
B_nonpurchase_train,739,ef7fd95742e2d2049aa4468b8b94733309b2e640dd7c1df594fc3b9334ab5efd,0
B_nonpurchase_train,4950,f2df7fba6f2648011e92e87a8834a5a53a88ebe8a1c3b2c1bae01a4e6cd4f4b5,0
B_nonpurchase_train,4717,3f32edfc559a5e3fcd26ea227ade6559f221eb578537194d0ab6974be94547f6,0
B_nonpurchase_train,11817,41f0e42aab9ea7404e6d76ceca1617e5b2a95ac74d51e2376bfc94395f5971b3,0
B_nonpurchase_train,1238,c83babf80df4381d1159181a68eabdf5402957510430c571a4ff901a1290c89d,0
B_nonpurchase_train,5795,c38eefef8043019442c90ab1716eb4f9d75c95ea21a1afc4f74932a7b9dbc18a,0
B_nonpurchase_train,8032,4d56422e081636bc91625453671c97acaabcfcab3d4fa7c1784d31126e6673fa,0
B_nonpurchase_train,521,6f5805e5697e34c93de1d8a8306fe62d404913465b300043c42e3a0166557fdf,0
B_nonpurchase_train,8488,9516d0a73842124d477026ba503ed2403850bd5cd7ef2f7a79d1e002fff975b6,0
B_nonpurchase_train,10943,7866270ad95a37eed465156d7f5f1934a1c7d9ec2cf568281b77a80b05407050,0
B_nonpurchase_train,5076,8607505d2ee458aafdacff5e924c27b3667b6eb9993efc9ff29fcdeb4f1e247e,0
B_nonpurchase_train,7002,e9a9a652a83a884cc8c8f128bd9f01101e25631770d06ce611106e3315517208,0
B_nonpurchase_train,7590,42701b5e526b7170e7d76c1189c6e131d23d0c3bf24a18b5b5352fedd42601e7,0
B_nonpurchase_train,1615,2a125658816586fae064cd4da89f4987b0d3501e54668ead536b2520082f5fec,0
B_nonpurchase_train,1805,d61b6d29e1757dd732d3dc41b8bdf5555c4f068b169cf8edd2872cdea1bb4811,0
B_nonpurchase_train,4992,603a895ad3ba7a3f20832e3aad46d95555e18eb67fdb5bffb339ebcd6f8925f8,0
B_nonpurchase_train,2097,ce103001f333697ae5a92e6dd536019794515b995bad5cad991cdf8d0580f4fe,0
B_nonpurchase_train,4730,8eb8994e7ea1dc7359239afbb11b158d938b7ded70d9a622042fe9368bc34c57,0
B_nonpurchase_train,7392,98b9747087f935b3c72d072feaedce28e163ede1a1ce2753fb308fa697b38646,0
B_nonpurchase_train,2158,f08dde2b4ab4df7a23582badb5f0370e14ae85ecc993e923944629aaeb1e8526,0
B_nonpurchase_train,8329,80638d911af5618b7e23ec4e4e1e3588438985cdcdf58123ce1dfac464396517,0
B_nonpurchase_train,3701,a52fc03aa42a49a791e99a8eba8f79b40a72c25a0485862a7bf18b6fdc06ffbf,0
B_nonpurchase_train,10746,9d17044cd2999621e8e153ad67f69e48c6a70a35264abb13f8022ece817d59c1,0
B_nonpurchase_train,6188,17bd38da99d86fbcf1bcd2df0479f317fd8d6566e8df1276a800a3a619540998,0
B_nonpurchase_train,10017,4a2af116e6937ae63d9c6a958dff20d2cc01081a82d35de3056e5f1815719851,0
B_nonpurchase_train,2423,e59cd1dab4b61e4939dceabf09478898e921ae730355ce556cb64cc391364e58,0
B_nonpurchase_train,5099,b6f0a229fc2ded65ec3ae129d156c525ce7be94ee059818b42bc0e449faa885b,0
B_nonpurchase_train,7331,a54fb7494d7a883b81db09b4a8fc50a092d317903b218fe7d632a3e1115b1c87,0
B_nonpurchase_train,1256,13e735c8c45095a6796fd5ff8f1570ec2fa32bb9a3cc3c2cf20a7eed53373ce8,0
B_nonpurchase_train,8298,ec187adbbbe25261686a646942c62d85dad81bd66820e283916bf55ad69da227,0
B_nonpurchase_train,9305,aec1934298b5b66db9d19eb70a9b5f5d645af95b8e181fd5810ce89485c05256,0
B_nonpurchase_train,11938,3069eda4a490a363b52a717825ae69878fbe37c86af787748bcca4ff92804ce2,0
B_nonpurchase_train,8797,a7cf20645124c08cc4ef908b9f514f0bd8958dde06ca44a65a422da99514cb55,0
B_nonpurchase_train,9082,e5cb3ccfa435097c9c353ac8db33f9255f2829c12eb45ccaec6d95b8e19ce3a2,0
B_nonpurchase_train,125,38c8928f431ce0755a4bd43f3b56bb31a11c2b87b552eac092710eaba90700ee,0
B_nonpurchase_train,6500,1c03ba1eb50107420219c0cd1c4f88c1b095e46865ae8977c36c7e2db4c9ee14,0
