name,fill,region,area_fraction,original,altered,drop
Abyssinian_108,mean,foreground,0.5227598852040817,18.33745002746582,3.3825066089630127,14.954943418502808
Abyssinian_108,mean,background,0.2752710459183674,18.33745002746582,17.990808486938477,0.34664154052734375
Abyssinian_108,mean,top10,0.09998804209183673,18.33745002746582,15.214217185974121,3.123232841491699
Abyssinian_108,mean,bottom10,0.09998804209183673,18.33745002746582,17.646202087402344,0.6912479400634766
Abyssinian_108,mean,random10_0,0.09998804209183673,18.33745002746582,13.594683647155762,4.742766380310059
Abyssinian_108,mean,random10_1,0.09998804209183673,18.33745002746582,14.0947904586792,4.242659568786621
Abyssinian_108,mean,random10_2,0.09998804209183673,18.33745002746582,16.614612579345703,1.7228374481201172
Abyssinian_108,mean,random10_3,0.09998804209183673,18.33745002746582,16.59732437133789,1.7401256561279297
Abyssinian_108,mean,random10_4,0.09998804209183673,18.33745002746582,16.490232467651367,1.8472175598144531
Abyssinian_108,mean,random10_5,0.09998804209183673,18.33745002746582,16.32579803466797,2.0116519927978516
Abyssinian_108,mean,random10_6,0.09998804209183673,18.33745002746582,14.94899845123291,3.38845157623291
Abyssinian_108,mean,random10_7,0.09998804209183673,18.33745002746582,16.08522605895996,2.2522239685058594
Abyssinian_108,mean,random10_8,0.09998804209183673,18.33745002746582,16.783424377441406,1.554025650024414
Abyssinian_108,mean,random10_9,0.09998804209183673,18.33745002746582,17.246353149414062,1.0910968780517578
Abyssinian_108,blur,foreground,0.5227598852040817,18.33745002746582,0.29986727237701416,18.037582755088806
Abyssinian_108,blur,background,0.2752710459183674,18.33745002746582,19.691022872924805,-1.3535728454589844
Abyssinian_108,blur,top10,0.09998804209183673,18.33745002746582,17.9920597076416,0.34539031982421875
Abyssinian_108,blur,bottom10,0.09998804209183673,18.33745002746582,17.72722816467285,0.6102218627929688
Abyssinian_108,blur,random10_0,0.09998804209183673,18.33745002746582,15.228915214538574,3.108534812927246
Abyssinian_108,blur,random10_1,0.09998804209183673,18.33745002746582,17.412220001220703,0.9252300262451172
Abyssinian_108,blur,random10_2,0.09998804209183673,18.33745002746582,19.126516342163086,-0.7890663146972656
Abyssinian_108,blur,random10_3,0.09998804209183673,18.33745002746582,19.08187484741211,-0.7444248199462891
Abyssinian_108,blur,random10_4,0.09998804209183673,18.33745002746582,18.910125732421875,-0.5726757049560547
Abyssinian_108,blur,random10_5,0.09998804209183673,18.33745002746582,18.803386688232422,-0.46593666076660156
Abyssinian_108,blur,random10_6,0.09998804209183673,18.33745002746582,16.18425941467285,2.1531906127929688
Abyssinian_108,blur,random10_7,0.09998804209183673,18.33745002746582,16.8464298248291,1.4910202026367188
Abyssinian_108,blur,random10_8,0.09998804209183673,18.33745002746582,18.605937957763672,-0.26848793029785156
Abyssinian_108,blur,random10_9,0.09998804209183673,18.33745002746582,15.916842460632324,2.420607566833496
Persian_190,mean,foreground,0.6381337691326531,5.1509270668029785,-2.036679267883301,7.187606334686279
Persian_190,mean,background,0.27796157525510207,5.1509270668029785,1.6006540060043335,3.550273060798645
Persian_190,mean,top10,0.09998804209183673,5.1509270668029785,3.797455310821533,1.3534717559814453
Persian_190,mean,bottom10,0.09998804209183673,5.1509270668029785,7.858283996582031,-2.7073569297790527
Persian_190,mean,random10_0,0.09998804209183673,5.1509270668029785,4.408143043518066,0.7427840232849121
Persian_190,mean,random10_1,0.09998804209183673,5.1509270668029785,4.227615833282471,0.9233112335205078
Persian_190,mean,random10_2,0.09998804209183673,5.1509270668029785,2.6946511268615723,2.4562759399414062
Persian_190,mean,random10_3,0.09998804209183673,5.1509270668029785,2.0275092124938965,3.123417854309082
Persian_190,mean,random10_4,0.09998804209183673,5.1509270668029785,5.0218706130981445,0.12905645370483398
Persian_190,mean,random10_5,0.09998804209183673,5.1509270668029785,2.9674408435821533,2.183486223220825
Persian_190,mean,random10_6,0.09998804209183673,5.1509270668029785,4.327437877655029,0.8234891891479492
Persian_190,mean,random10_7,0.09998804209183673,5.1509270668029785,3.2386505603790283,1.9122765064239502
Persian_190,mean,random10_8,0.09998804209183673,5.1509270668029785,3.4451451301574707,1.7057819366455078
Persian_190,mean,random10_9,0.09998804209183673,5.1509270668029785,3.2704832553863525,1.880443811416626
Persian_190,blur,foreground,0.6381337691326531,5.1509270668029785,2.0363335609436035,3.114593505859375
Persian_190,blur,background,0.27796157525510207,5.1509270668029785,2.85605788230896,2.2948691844940186
Persian_190,blur,top10,0.09998804209183673,5.1509270668029785,3.015052556991577,2.1358745098114014
Persian_190,blur,bottom10,0.09998804209183673,5.1509270668029785,8.487323760986328,-3.3363966941833496
Persian_190,blur,random10_0,0.09998804209183673,5.1509270668029785,4.536248207092285,0.6146788597106934
Persian_190,blur,random10_1,0.09998804209183673,5.1509270668029785,4.634899139404297,0.5160279273986816
Persian_190,blur,random10_2,0.09998804209183673,5.1509270668029785,3.9220311641693115,1.228895902633667
Persian_190,blur,random10_3,0.09998804209183673,5.1509270668029785,4.475371360778809,0.6755557060241699
Persian_190,blur,random10_4,0.09998804209183673,5.1509270668029785,3.869795083999634,1.2811319828033447
Persian_190,blur,random10_5,0.09998804209183673,5.1509270668029785,3.6014809608459473,1.5494461059570312
Persian_190,blur,random10_6,0.09998804209183673,5.1509270668029785,4.730494976043701,0.42043209075927734
Persian_190,blur,random10_7,0.09998804209183673,5.1509270668029785,3.244781970977783,1.9061450958251953
Persian_190,blur,random10_8,0.09998804209183673,5.1509270668029785,4.429244041442871,0.7216830253601074
Persian_190,blur,random10_9,0.09998804209183673,5.1509270668029785,4.9170989990234375,0.23382806777954102
american_pit_bull_terrier_138,mean,foreground,0.3239198022959184,16.705114364624023,1.6979438066482544,15.007170557975769
american_pit_bull_terrier_138,mean,background,0.44495376275510207,16.705114364624023,12.579911231994629,4.1252031326293945
american_pit_bull_terrier_138,mean,top10,0.09998804209183673,16.705114364624023,11.326360702514648,5.378753662109375
american_pit_bull_terrier_138,mean,bottom10,0.09998804209183673,16.705114364624023,16.8813533782959,-0.176239013671875
american_pit_bull_terrier_138,mean,random10_0,0.09998804209183673,16.705114364624023,10.067947387695312,6.637166976928711
american_pit_bull_terrier_138,mean,random10_1,0.09998804209183673,16.705114364624023,11.042277336120605,5.662837028503418
american_pit_bull_terrier_138,mean,random10_2,0.09998804209183673,16.705114364624023,10.130878448486328,6.574235916137695
american_pit_bull_terrier_138,mean,random10_3,0.09998804209183673,16.705114364624023,9.549464225769043,7.1556501388549805
american_pit_bull_terrier_138,mean,random10_4,0.09998804209183673,16.705114364624023,10.642677307128906,6.062437057495117
american_pit_bull_terrier_138,mean,random10_5,0.09998804209183673,16.705114364624023,10.150733947753906,6.554380416870117
american_pit_bull_terrier_138,mean,random10_6,0.09998804209183673,16.705114364624023,9.669600486755371,7.035513877868652
american_pit_bull_terrier_138,mean,random10_7,0.09998804209183673,16.705114364624023,11.418127059936523,5.2869873046875
american_pit_bull_terrier_138,mean,random10_8,0.09998804209183673,16.705114364624023,11.389556884765625,5.315557479858398
american_pit_bull_terrier_138,mean,random10_9,0.09998804209183673,16.705114364624023,9.873818397521973,6.831295967102051
american_pit_bull_terrier_138,blur,foreground,0.3239198022959184,16.705114364624023,2.525923013687134,14.17919135093689
american_pit_bull_terrier_138,blur,background,0.44495376275510207,16.705114364624023,14.220208168029785,2.4849061965942383
american_pit_bull_terrier_138,blur,top10,0.09998804209183673,16.705114364624023,10.920038223266602,5.785076141357422
american_pit_bull_terrier_138,blur,bottom10,0.09998804209183673,16.705114364624023,16.67378044128418,0.03133392333984375
american_pit_bull_terrier_138,blur,random10_0,0.09998804209183673,16.705114364624023,15.008122444152832,1.6969919204711914
american_pit_bull_terrier_138,blur,random10_1,0.09998804209183673,16.705114364624023,14.341827392578125,2.3632869720458984
american_pit_bull_terrier_138,blur,random10_2,0.09998804209183673,16.705114364624023,14.600578308105469,2.1045360565185547
american_pit_bull_terrier_138,blur,random10_3,0.09998804209183673,16.705114364624023,16.242355346679688,0.46275901794433594
american_pit_bull_terrier_138,blur,random10_4,0.09998804209183673,16.705114364624023,13.998756408691406,2.706357955932617
american_pit_bull_terrier_138,blur,random10_5,0.09998804209183673,16.705114364624023,13.480888366699219,3.2242259979248047
american_pit_bull_terrier_138,blur,random10_6,0.09998804209183673,16.705114364624023,11.790800094604492,4.914314270019531
american_pit_bull_terrier_138,blur,random10_7,0.09998804209183673,16.705114364624023,14.347315788269043,2.3577985763549805
american_pit_bull_terrier_138,blur,random10_8,0.09998804209183673,16.705114364624023,14.477310180664062,2.227804183959961
american_pit_bull_terrier_138,blur,random10_9,0.09998804209183673,16.705114364624023,14.447612762451172,2.2575016021728516
american_bulldog_151,mean,foreground,0.674186862244898,0.5695856809616089,1.4282734394073486,-0.8586877584457397
american_bulldog_151,mean,background,0.26347257653061223,0.5695856809616089,-3.3740477561950684,3.9436334371566772
american_bulldog_151,mean,top10,0.09998804209183673,0.5695856809616089,0.7599232792854309,-0.19033759832382202
american_bulldog_151,mean,bottom10,0.09998804209183673,0.5695856809616089,4.86434268951416,-4.294757008552551
american_bulldog_151,mean,random10_0,0.09998804209183673,0.5695856809616089,-2.388204574584961,2.95779025554657
american_bulldog_151,mean,random10_1,0.09998804209183673,0.5695856809616089,-1.3262584209442139,1.8958441019058228
american_bulldog_151,mean,random10_2,0.09998804209183673,0.5695856809616089,-1.5790932178497314,2.1486788988113403
american_bulldog_151,mean,random10_3,0.09998804209183673,0.5695856809616089,-1.586112141609192,2.155697822570801
american_bulldog_151,mean,random10_4,0.09998804209183673,0.5695856809616089,-2.0858569145202637,2.6554425954818726
american_bulldog_151,mean,random10_5,0.09998804209183673,0.5695856809616089,-2.073402166366577,2.642987847328186
american_bulldog_151,mean,random10_6,0.09998804209183673,0.5695856809616089,-1.9773800373077393,2.546965718269348
american_bulldog_151,mean,random10_7,0.09998804209183673,0.5695856809616089,-1.9957600831985474,2.5653457641601562
american_bulldog_151,mean,random10_8,0.09998804209183673,0.5695856809616089,-2.36069655418396,2.930282235145569
american_bulldog_151,mean,random10_9,0.09998804209183673,0.5695856809616089,-2.2635953426361084,2.8331810235977173
american_bulldog_151,blur,foreground,0.674186862244898,0.5695856809616089,1.156205415725708,-0.5866197347640991
american_bulldog_151,blur,background,0.26347257653061223,0.5695856809616089,-0.32470592856407166,0.8942916095256805
american_bulldog_151,blur,top10,0.09998804209183673,0.5695856809616089,1.3136529922485352,-0.7440673112869263
american_bulldog_151,blur,bottom10,0.09998804209183673,0.5695856809616089,6.147236347198486,-5.577650666236877
american_bulldog_151,blur,random10_0,0.09998804209183673,0.5695856809616089,-5.927863597869873,6.497449278831482
american_bulldog_151,blur,random10_1,0.09998804209183673,0.5695856809616089,-4.049612045288086,4.619197726249695
american_bulldog_151,blur,random10_2,0.09998804209183673,0.5695856809616089,-4.411880016326904,4.981465697288513
american_bulldog_151,blur,random10_3,0.09998804209183673,0.5695856809616089,-4.813718795776367,5.383304476737976
american_bulldog_151,blur,random10_4,0.09998804209183673,0.5695856809616089,-5.6324310302734375,6.202016711235046
american_bulldog_151,blur,random10_5,0.09998804209183673,0.5695856809616089,-3.3768444061279297,3.9464300870895386
american_bulldog_151,blur,random10_6,0.09998804209183673,0.5695856809616089,-3.0778567790985107,3.6474424600601196
american_bulldog_151,blur,random10_7,0.09998804209183673,0.5695856809616089,-2.659228563308716,3.2288142442703247
american_bulldog_151,blur,random10_8,0.09998804209183673,0.5695856809616089,-2.7001686096191406,3.2697542905807495
american_bulldog_151,blur,random10_9,0.09998804209183673,0.5695856809616089,-4.790212631225586,5.359798312187195
