name,seed,stage,gradient_spearman,cam_spearman,cam_zero
Abyssinian_108,11,head,0.24901449823162183,-0.379938822852384,False
Abyssinian_108,11,full,0.13937292783143157,,True
Abyssinian_108,22,head,0.24298826365738177,0.044544889463339565,False
Abyssinian_108,22,full,0.13279356196517927,-0.005413462474904648,False
Abyssinian_108,33,head,0.2729585099146963,,True
Abyssinian_108,33,full,0.130380534293101,-0.013442201632795482,False
Persian_190,11,head,0.3533529837073367,0.3830574593778628,False
Persian_190,11,full,0.08168559569299064,0.12928830889692114,False
Persian_190,22,head,0.2822602328505574,0.12802355547599908,False
Persian_190,22,full,0.08280873092080311,0.44722829568340855,False
Persian_190,33,head,0.27909312152133103,-0.3225794451016221,False
Persian_190,33,full,0.056930224106137774,-0.616968740929388,False
american_pit_bull_terrier_138,11,head,0.4146748916444855,,True
american_pit_bull_terrier_138,11,full,0.1307697695636316,0.6602488462856687,False
american_pit_bull_terrier_138,22,head,0.36562570636994307,0.32492109220484505,False
american_pit_bull_terrier_138,22,full,0.12434791928848317,-0.4918946520205568,False
american_pit_bull_terrier_138,33,head,0.3308898742010233,0.5232399580760236,False
american_pit_bull_terrier_138,33,full,0.13816354828908053,0.5083962056453556,False
american_bulldog_151,11,head,0.2877589527105124,-0.33715450497065796,False
american_bulldog_151,11,full,0.13894213412625614,,True
american_bulldog_151,22,head,0.3316545567836349,-0.16771260991061393,False
american_bulldog_151,22,full,0.10727252240279936,0.05837296368950661,False
american_bulldog_151,33,head,0.3087006916485543,0.169635450410537,False
american_bulldog_151,33,full,0.1381788121394786,-0.17265207664729676,False
