idx,label,prediction,correct,confidence,n_tokens,attention_gradient_rho,attention_replacement_rho,gradient_replacement_rho,top3_overlap,top3_chance_overlap,uniform_tv,uniform_abs_dp,uniform_abs_dm,uniform_flip,shuffle_mean_tv,shuffle_mean_abs_dp,shuffle_mean_abs_dm,shuffle_flip_rate
0,1,1,True,0.9999963045120239,10,0.6121212121212121,0.6121212121212121,0.1515151515151515,1.0,0.3,0.6398497819900513,4.851818084716797e-05,2.636789321899414,False,0.7644733508427938,0.00011032621065775554,2.644114685058594,0.0
5,1,1,True,0.9898756146430969,21,0.612987012987013,0.503896103896104,0.8207792207792207,0.6666666666666666,0.14285714285714285,0.6650917530059814,0.006946861743927002,1.1658477783203125,False,0.8011662860711416,0.0070799370606740315,1.3837259451548258,0.0
6,0,0,True,0.9902142286300659,5,0.7,0.49999999999999994,0.6,0.6666666666666666,0.6,0.794829249382019,0.14678406715393066,2.9330244064331055,False,0.8641305685295568,0.22324423591295878,3.0992192924022675,0.0
16,1,1,True,0.9899675846099854,19,0.028070175438596492,-0.019298245614035085,0.24035087719298245,1.0,0.15789473684210525,0.7409152984619141,0.0038433074951171875,0.32820749282836914,False,0.8722083002328873,0.011195147037506103,0.7128105799357096,0.0
18,0,0,True,0.9989997744560242,12,0.8741258741258742,0.5804195804195805,0.3426573426573427,0.6666666666666666,0.25,0.8052549958229065,0.009619832038879395,2.3721818923950195,False,0.816669953862826,0.01717134118080139,2.12270880540212,0.0
51,1,1,True,0.9996577501296997,24,0.46434782608695646,0.3921739130434782,0.4382608695652173,0.3333333333333333,0.125,0.75218665599823,0.01315915584564209,3.688157558441162,False,0.8676503280798594,0.0537126898765564,4.020382324854533,0.0
52,1,0,False,0.5525575280189514,19,0.7947368421052632,0.3473684210526316,0.6017543859649123,0.6666666666666666,0.15789473684210525,0.6623896360397339,0.12597090005874634,0.5360075831413269,False,0.7856590817372004,0.13405782183011372,0.6011625225345294,0.06666666666666667
56,0,0,True,0.8664035797119141,24,0.6730434782608695,0.7749510946406026,0.6205697037329628,0.6666666666666666,0.125,0.7768228054046631,0.21919924020767212,1.2627548575401306,False,0.8536936501661937,0.2883612965544065,1.5278765082359314,0.3333333333333333
57,0,0,True,0.9998940229415894,12,0.6713286713286714,0.5734265734265735,0.4755244755244756,0.6666666666666666,0.25,0.814732551574707,0.006285667419433594,4.106010437011719,False,0.8753255392114322,0.026301258802413942,4.167488718032837,0.0
74,0,0,True,0.9638776779174805,11,0.8454545454545455,0.6818181818181819,0.6090909090909091,0.6666666666666666,0.2727272727272727,0.5854180455207825,0.06959712505340576,1.1488218307495117,False,0.7159303536017736,0.0838383416334788,1.1366002082824707,0.0
88,1,0,False,0.9325954914093018,29,0.7182266009852215,0.5884672967048438,0.5815673451521907,0.6666666666666666,0.10344827586206896,0.8231195211410522,0.35873061418533325,2.3296222388744354,False,0.941914165019989,0.43842580591638886,2.673177049557368,0.4666666666666667
101,0,0,True,0.8517439961433411,21,0.5662337662337662,0.6105878854022752,0.47093214565601005,0.6666666666666666,0.14285714285714285,0.7209168672561646,0.19732004404067993,1.1098031997680664,False,0.8192089855670929,0.23185631881157556,1.2327550182739893,0.2
103,1,1,True,0.9996578693389893,14,0.6043956043956044,0.367032967032967,0.432967032967033,0.6666666666666666,0.21428571428571427,0.600913941860199,0.00010019540786743164,0.2568826675415039,False,0.7043057580788931,0.000208282470703125,0.5171964963277181,0.0
121,0,0,True,0.8806734085083008,24,0.3182608695652174,0.1269565217391304,0.437391304347826,0.3333333333333333,0.125,0.7279551029205322,0.207608163356781,1.2767409086227417,False,0.8613314678271612,0.22863885263601938,1.3074748650193215,0.06666666666666667
123,1,0,False,0.9150953888893127,9,0.7833333333333333,0.8499999999999999,0.75,0.6666666666666666,0.3333333333333333,0.6643474102020264,0.254274845123291,1.7105466723442078,False,0.7480009992917379,0.28063366810480755,1.743462302784125,0.26666666666666666
134,0,0,True,0.9475895166397095,19,0.5087719298245614,0.32631578947368417,0.13859649122807016,0.3333333333333333,0.15789473684210525,0.7704342007637024,0.006573498249053955,0.1251204013824463,False,0.8191261971990268,0.04080051382382711,0.5963955084482829,0.0
141,0,0,True,0.8241540789604187,16,0.6558823529411765,0.411764705882353,0.42352941176470593,1.0,0.1875,0.5967221856117249,0.12551140785217285,0.7039071321487427,False,0.7457723061243693,0.1747604856888453,0.891939910252889,0.16666666666666666
146,1,1,True,0.9998902082443237,25,0.7284615384615384,0.652433172291984,0.754760544833062,0.6666666666666666,0.12,0.7226446866989136,0.002966940402984619,3.3361740112304688,False,0.8496273845434189,0.007137217124303182,3.232268134752909,0.0
148,0,0,True,0.9999641180038452,16,0.788235294117647,0.6735294117647058,0.788235294117647,0.6666666666666666,0.1875,0.7163313627243042,0.002230525016784668,4.14911413192749,False,0.8244555940230688,0.007866241534550985,4.16961944103241,0.0
151,1,1,True,0.9961147308349609,17,0.3872549019607844,0.39828130554388347,0.43034110103657996,0.6666666666666666,0.17647058823529413,0.65188068151474,0.007393240928649902,1.0731525421142578,False,0.7913167198499044,0.010329127311706543,1.1146104335784912,0.0
159,1,1,True,0.9710754156112671,12,0.9580419580419581,0.5804195804195805,0.5944055944055945,1.0,0.25,0.6621480584144592,0.005290865898132324,0.20745086669921875,False,0.7540187686681747,0.011748222510019939,0.43346025943756106,0.0
172,1,0,False,0.9873762130737305,23,0.3231225296442688,0.6037549407114625,0.03754940711462451,1.0,0.13043478260869565,0.6024800539016724,0.016401231288909912,0.8493218421936035,False,0.758728665113449,0.028669855991999307,1.036959139506022,0.0
179,1,1,True,0.9962146878242493,8,0.6428571428571429,0.1666666666666667,0.7619047619047621,1.0,0.375,0.8307910561561584,0.0054610371589660645,0.8986105918884277,False,0.939624851445357,0.010272449254989624,1.1116042693456014,0.0
199,0,1,False,0.516749918460846,30,0.33926585094549494,0.3010011123470523,0.5879866518353727,0.3333333333333333,0.1,0.6981562972068787,0.24756431579589844,1.109455183148384,False,0.8008172591527303,0.19477893908818564,0.9048188860217731,0.2
206,1,1,True,0.9996046423912048,17,0.7647058823529413,0.11274509803921569,0.3872549019607844,1.0,0.17647058823529413,0.7417964339256287,0.004406929016113281,2.501303195953369,False,0.8319037685791651,0.006784363587697347,2.5370450019836426,0.0
227,1,1,True,0.9999488592147827,19,0.719298245614035,0.7836771267812361,0.6362440279018994,0.3333333333333333,0.15789473684210525,0.7092229127883911,0.0011432170867919922,3.151996612548828,False,0.8849896212418874,0.003305359681447347,3.2120220979054768,0.0
232,0,0,True,0.9962136149406433,40,0.7322701688555349,0.5590994371482176,0.6671669793621015,0.3333333333333333,0.075,0.8653928637504578,0.019071459770202637,1.8172268867492676,False,0.9093691756327947,0.051757442951202395,1.900617032001416,0.0
233,0,1,False,0.9616017937660217,16,0.14411764705882352,0.28529411764705886,0.07352941176470588,0.3333333333333333,0.1875,0.7323687672615051,0.2065146565437317,2.094657063484192,False,0.8451874112089475,0.24497345487276714,1.9949803518752256,0.23333333333333334
236,1,0,False,0.7910851240158081,26,0.7162393162393161,0.6576215423196236,0.7914158833041075,0.6666666666666666,0.11538461538461539,0.77141273021698,0.5157290399074554,2.2990939021110535,True,0.8709967195987701,0.478444305062294,2.1881935253739355,0.8666666666666667
237,0,0,True,0.9932617545127869,17,0.44117647058823534,0.6102941176470589,0.661764705882353,0.3333333333333333,0.17647058823529413,0.8023943305015564,0.08178335428237915,2.661374092102051,False,0.8607542956868808,0.11929890910784403,2.524724181493123,0.0
242,0,0,True,0.9978272318840027,12,0.6363636363636365,0.4125874125874127,0.44055944055944063,0.6666666666666666,0.25,0.7751462459564209,0.0073021650314331055,1.4800167083740234,False,0.85055184563001,0.013229546944300334,1.6669254859288534,0.0
251,0,0,True,0.9504604339599609,16,0.2735294117647059,0.488235294117647,0.21176470588235297,0.3333333333333333,0.1875,0.7176160216331482,0.10738706588745117,1.2728997468948364,False,0.8369213283061981,0.1486176997423172,1.3304487995803356,0.06666666666666667
258,0,0,True,0.9184015393257141,17,0.5612745098039216,0.4264705882352942,0.573529411764706,0.3333333333333333,0.17647058823529413,0.7481680512428284,0.006806135177612305,0.09447908401489258,False,0.8870727956295014,0.058248982826868696,0.79607372879982,0.0
263,1,1,True,0.9990660548210144,16,0.8529411764705882,0.7235294117647059,0.6588235294117648,1.0,0.1875,0.6237929463386536,0.0037404894828796387,1.6141462326049805,False,0.7873654663562775,0.004350310564041138,1.5696536382039388,0.0
275,1,1,True,0.9975340366363525,15,0.36785714285714277,0.42142857142857143,0.575,0.6666666666666666,0.2,0.8086962699890137,0.001570582389831543,0.49438953399658203,False,0.9143669724464416,0.005962844689687093,0.9455375750859578,0.0
283,1,1,True,0.9984760880470276,16,0.6705882352941177,0.4147058823529412,0.37058823529411766,0.6666666666666666,0.1875,0.7433223724365234,0.004736721515655518,1.4177851676940918,False,0.8456839968760809,0.00978407661120097,1.4631190697352092,0.0
285,0,0,True,0.9374619126319885,17,0.6960784313725491,0.3602941176470589,0.10539215686274511,1.0,0.17647058823529413,0.6342984437942505,0.029456257820129395,0.6677291393280029,False,0.7889506171147028,0.02626253366470337,0.6684604008992513,0.0
305,0,0,True,0.9498366713523865,17,0.482843137254902,0.012254901960784315,0.16176470588235298,1.0,0.17647058823529413,0.6708247661590576,0.039938390254974365,0.6286134719848633,False,0.7974162697792053,0.05273273587226868,0.7063792109489441,0.0
306,1,1,True,0.9621626138687134,9,0.65,0.5833333333333334,0.41666666666666663,0.3333333333333333,0.3333333333333333,0.7429864406585693,0.02261650562286377,0.4923698902130127,False,0.7548599282900492,0.03542378147443136,0.7567052761713664,0.0
313,1,1,True,0.9983503818511963,13,0.7967032967032966,0.24175824175824176,-0.16483516483516483,0.6666666666666666,0.23076923076923078,0.6621809601783752,0.005493044853210449,1.4710769653320312,False,0.787196637193362,0.007416373491287232,1.5412925799687704,0.0
315,0,0,True,0.9328182935714722,10,0.5393939393939393,0.6848484848484848,0.4787878787878787,0.3333333333333333,0.3,0.5669060349464417,0.31097859144210815,2.133444666862488,False,0.7164940441648165,0.3452594960729281,2.1643659522136054,0.4
317,1,1,True,0.9997401833534241,29,0.72807881773399,0.42807881773399004,0.39014778325123145,1.0,0.10344827586206896,0.8003559708595276,0.013513445854187012,3.9839673042297363,False,0.913833653430144,0.026543664932250976,3.3580789446830748,0.0
321,0,0,True,0.9955313801765442,7,0.6071428571428572,0.21428571428571433,0.5714285714285715,0.6666666666666666,0.42857142857142855,0.5320382118225098,0.008730709552764893,1.0918855667114258,False,0.6285007198651632,0.010306113958358764,1.0202366749445597,0.0
348,0,0,True,0.9993641972541809,7,0.8571428571428573,0.0,0.10714285714285716,1.0,0.42857142857142855,0.555401086807251,0.003136932849884033,1.7838802337646484,False,0.6491440907120705,0.004100223382314046,1.555430277188619,0.0
349,0,0,True,0.9978260397911072,26,0.24991452991452992,0.4095108724594786,0.604516049821135,0.3333333333333333,0.11538461538461539,0.822728157043457,0.1311565637588501,4.257197141647339,False,0.904371589422226,0.23796282708644867,4.304002425074577,0.16666666666666666
367,1,1,True,0.9514467120170593,12,0.5384615384615385,0.3916083916083916,0.5874125874125874,0.6666666666666666,0.25,0.5708719491958618,0.07065963745117188,0.9754183292388916,False,0.7686874945958455,0.11718789041042328,1.1217588109274705,0.03333333333333333
384,0,1,False,0.559573769569397,41,0.42857142857142866,0.3227043087846367,0.5764070483043078,0.6666666666666666,0.07317073170731707,0.6979801058769226,0.01730865240097046,0.0699675977230072,False,0.8317597409089407,0.10491545349359513,0.441628135740757,0.3333333333333333
405,0,1,False,0.9914423823356628,17,0.5808823529411765,0.3995098039215687,0.2916666666666667,0.3333333333333333,0.17647058823529413,0.5345117449760437,0.008819401264190674,0.7172727584838867,False,0.7010469754536947,0.02118032972017924,1.0506333112716675,0.0
410,1,1,True,0.8081153035163879,27,0.562881562881563,0.4934276629825231,0.5585454400675772,0.6666666666666666,0.1111111111111111,0.6824793219566345,0.10110783576965332,0.8663754463195801,False,0.7830466777086258,0.1203802744547526,1.1537583048144977,0.0
411,0,0,True,0.9781322479248047,18,0.4220846233230134,0.5603715170278638,0.6924664602683178,0.6666666666666666,0.16666666666666666,0.6679139137268066,0.00037103891372680664,0.017495155334472656,False,0.7867451439301173,0.00991161863009135,0.4839205821355184,0.0
422,1,0,False,0.9976605176925659,34,0.3381207028265852,0.20586887710957946,0.021549748828842395,0.3333333333333333,0.08823529411764706,0.7546846866607666,0.020473957061767578,2.298171043395996,False,0.9093624750773112,0.03082345922787984,2.277790919939677,0.0
437,1,1,True,0.9989151954650879,30,0.5510567296996662,0.5717783784820066,0.722234658689806,0.6666666666666666,0.1,0.8589768409729004,0.003920435905456543,1.533043384552002,False,0.9489579021930694,0.0050926605860392255,1.3181822220484416,0.0
449,0,0,True,0.8865041732788086,4,0.39999999999999997,0.39999999999999997,1.0,0.6666666666666666,0.75,0.5794365406036377,0.13171029090881348,0.9311745166778564,False,0.6930793225765228,0.17327821056048076,1.0840024878581365,0.0
461,0,0,True,0.745944082736969,21,0.6818181818181818,0.7857142857142857,0.7077922077922078,0.6666666666666666,0.14285714285714285,0.7245062589645386,0.08112925291061401,0.4879295825958252,False,0.8049232006072998,0.1424274931351344,0.9320238421360652,0.1
466,1,0,False,0.5643243193626404,27,0.6666666666666665,0.5274725274725275,0.46092796092796096,0.6666666666666666,0.1111111111111111,0.7554388642311096,0.17870473861694336,0.8030411601066589,False,0.9173319876194,0.253618044902881,1.4162944932778676,0.23333333333333334
468,1,1,True,0.9307627081871033,14,0.6087912087912088,0.5472527472527472,0.6043956043956044,0.6666666666666666,0.21428571428571427,0.6851993203163147,0.03126794099807739,0.6338014602661133,False,0.8145190318425496,0.03715930183728536,0.9459542751312255,0.0
482,1,0,False,0.9880093932151794,37,0.6216216216216216,0.6183025130393551,0.5130393551446183,0.6666666666666666,0.08108108108108109,0.7245246767997742,0.08740097284317017,2.2075679302215576,False,0.8048610309759776,0.1377055823802948,2.102257702747981,0.06666666666666667
484,1,1,True,0.9919312596321106,21,0.7454545454545455,0.6987012987012987,0.6454545454545455,0.6666666666666666,0.14285714285714285,0.6416364908218384,0.012321829795837402,0.9395711421966553,False,0.802563946445783,0.02201146682103475,0.9672567049662272,0.0
489,0,0,True,0.8749575018882751,16,0.17058823529411765,0.6294117647058822,0.11176470588235293,0.6666666666666666,0.1875,0.5607790350914001,0.26160120964050293,1.4840793013572693,False,0.685063015917937,0.2735086401303609,1.5005935050547123,0.2
492,1,1,True,0.9954841136932373,7,0.8928571428571429,0.8571428571428573,0.6785714285714287,0.6666666666666666,0.42857142857142855,0.44346603751182556,0.0033679604530334473,0.5606045722961426,False,0.5397109677394231,0.0033845901489257812,0.5081453164418538,0.0
505,1,1,True,0.9708811044692993,15,0.7464285714285712,0.32499999999999996,0.6249999999999999,1.0,0.2,0.6845908761024475,0.0005450248718261719,0.019106626510620117,False,0.7509041160345078,0.021096138159434,0.6302874406178792,0.0
506,1,1,True,0.996137797832489,13,0.510989010989011,0.42857142857142855,0.3186813186813187,0.3333333333333333,0.23076923076923078,0.580805242061615,0.005057811737060547,0.8421635627746582,False,0.6812738766272862,0.008987619479497274,1.1308491786321004,0.0
510,1,1,True,0.999964714050293,21,0.5532467532467533,0.5363636363636364,0.5415584415584416,0.6666666666666666,0.14285714285714285,0.7827848792076111,0.001570284366607666,3.8177757263183594,False,0.8941101968288422,0.003735844294230143,3.6765573342641193,0.0
513,0,1,False,0.99870765209198,36,0.6988416988416989,0.5303810680426589,0.6408342127952322,0.6666666666666666,0.08333333333333333,0.7791128158569336,0.09746372699737549,4.438913345336914,False,0.9287839273611704,0.18484970529874165,4.88365623652935,0.0
518,1,1,True,0.9144052267074585,12,0.6573426573426573,0.04553422044199251,0.3012263813854889,0.6666666666666666,0.25,0.7206999659538269,0.008081614971160889,0.10797595977783203,False,0.7395363872249922,0.05425451795260112,0.7183441519737244,0.0
528,1,1,True,0.5684179663658142,16,0.7823529411764706,0.6342210484699409,0.6224215871030583,0.6666666666666666,0.1875,0.8922176957130432,0.15558242797851562,0.6889930665493011,False,0.9882458925247193,0.2094304492076238,1.0460605815052986,0.23333333333333334
532,1,1,True,0.7150891423225403,25,0.643076923076923,0.5827561388064322,0.4157045111697139,1.0,0.12,0.751838743686676,0.23018205165863037,1.928849995136261,False,0.8926078498363494,0.21094931264718372,1.902545309563478,0.03333333333333333
533,1,1,True,0.9995904564857483,27,0.6495726495726496,0.5256410256410257,0.48534798534798534,0.6666666666666666,0.1111111111111111,0.8200449347496033,0.004322946071624756,2.4513401985168457,False,0.8862544079621633,0.009621687730153402,2.4738171736399335,0.0
537,1,1,True,0.9986763596534729,26,0.545982905982906,0.09437510823519024,0.3778423717387145,0.6666666666666666,0.11538461538461539,0.8004828691482544,0.00227963924407959,1.0037689208984375,False,0.8235103289286295,0.004576714833577474,1.1173968633015952,0.0
540,1,1,True,0.737389087677002,9,0.38333333333333336,-0.11666666666666665,0.16666666666666669,0.6666666666666666,0.3333333333333333,0.6463261842727661,0.13150417804718018,0.6023949980735779,False,0.7123462696870168,0.13106983304023742,0.5900902996460596,0.16666666666666666
551,0,0,True,0.9909864068031311,23,0.7035573122529645,0.5938735177865613,0.6254940711462451,0.6666666666666666,0.13043478260869565,0.7063935399055481,0.020617425441741943,1.2111170291900635,False,0.808302656809489,0.0222539484500885,1.015962290763855,0.0
561,1,1,True,0.5599011182785034,34,0.6791443850267378,0.2829857140201741,0.5118802062459952,0.6666666666666666,0.08823529411764706,0.8561021089553833,0.10437917709350586,0.41914452612400055,True,0.9386497368415196,0.17068703820308048,0.7530723800261815,0.6333333333333333
567,1,1,True,0.9929571151733398,24,0.3356521739130434,0.5803935342869622,0.5254914432057631,0.6666666666666666,0.125,0.6855942010879517,0.01996833086013794,1.364555835723877,False,0.8413197050491968,0.03761619726816813,1.3996571818987529,0.0
569,1,1,True,0.9568040370941162,16,0.5558823529411765,0.35000000000000003,0.3,0.6666666666666666,0.1875,0.7392388582229614,0.001567542552947998,0.03860068321228027,False,0.876433418194453,0.014812491337458293,0.39199950695037844,0.0
578,0,1,False,0.511904239654541,4,0.6000000000000001,1.0,0.6000000000000001,0.6666666666666666,0.75,0.3958893418312073,0.12345314025878906,0.5076438561081886,False,0.35561846097310384,0.1631976842880249,0.7464628006021182,0.23333333333333334
583,0,1,False,0.8814816474914551,6,0.8285714285714287,0.5428571428571429,0.2571428571428572,0.6666666666666666,0.5,0.5657020807266235,0.02587515115737915,0.22726821899414062,False,0.6576116440196832,0.06979397932688396,0.5064135809739431,0.0
587,0,0,True,0.7039963006973267,18,0.5913312693498451,0.6587507331151693,0.29943215141598606,0.6666666666666666,0.16666666666666666,0.6847589612007141,0.15625113248825073,0.6748365759849548,False,0.7654796491066614,0.17269118825594584,0.743057169765234,0.4666666666666667
595,0,0,True,0.9058035612106323,33,0.3252005347593583,0.5225677323158457,0.35305919726521634,0.6666666666666666,0.09090909090909091,0.7604475617408752,0.05285823345184326,0.5055495500564575,False,0.8721792658170064,0.15324514309565226,1.1806423691411814,0.03333333333333333
606,0,0,True,0.5156992077827454,8,0.7857142857142858,0.7380952380952381,0.7857142857142858,0.6666666666666666,0.375,0.46309512853622437,0.2427448034286499,1.042501986026764,True,0.5868936151266098,0.263692149023215,1.2326290676991145,0.8666666666666667
610,0,0,True,0.9984070658683777,12,0.4755244755244756,0.2867132867132868,0.7272727272727274,0.6666666666666666,0.25,0.6378107070922852,0.008896350860595703,1.8937249183654785,False,0.7808513432741165,0.014649486541748047,2.0589369535446167,0.0
622,1,0,False,0.7911555171012878,27,0.05616605616605617,-0.004273504273504274,0.6159951159951159,0.3333333333333333,0.1111111111111111,0.7170512676239014,0.3157281279563904,1.4302749633789062,True,0.8363717188437779,0.32160718043645226,1.4914311528205872,0.5333333333333333
634,1,1,True,0.9803963899612427,20,0.5744360902255639,0.4016547858320482,0.24971795673453187,0.6666666666666666,0.15,0.6167012453079224,0.004448235034942627,0.20904755592346191,False,0.7681156814098358,0.010432310899098714,0.4223662853240967,0.0
637,0,0,True,0.9542648196220398,11,0.9,0.20000000000000004,0.41818181818181827,0.6666666666666666,0.2727272727272727,0.7260700464248657,0.0013248920440673828,0.029947280883789062,False,0.8513148774703344,0.11738407214482625,1.4519194622834524,0.0
643,1,0,False,0.6876257061958313,14,0.7142857142857143,0.26593406593406593,0.1912087912087912,1.0,0.21428571428571427,0.9125999212265015,0.34239378571510315,1.429107129573822,True,0.8626613422296942,0.2663088152805964,1.2101780901352563,0.5333333333333333
650,0,0,True,0.9999362230300903,10,0.8181818181818182,0.24848484848484845,-0.07878787878787878,1.0,0.3,0.662051260471344,9.47713851928711e-05,0.910186767578125,False,0.77993124127388,0.00013152956962585448,0.9994903087615967,0.0
656,1,0,False,0.9583807587623596,13,0.5549450549450549,-0.3021978021978022,-0.6318681318681317,0.6666666666666666,0.23076923076923078,0.8731549382209778,0.016004204750061035,0.3422060012817383,False,0.9051685727511843,0.0689206858476003,0.9815934419631958,0.0
657,0,0,True,0.8249558210372925,17,0.5588235294117647,0.43137254901960786,0.4436274509803922,0.6666666666666666,0.17647058823529413,0.637565016746521,0.14259719848632812,0.7856593132019043,False,0.7424230585495631,0.16855919758478802,0.8734882767001788,0.03333333333333333
663,1,1,True,0.9664422869682312,26,0.548034188034188,0.7504273504273503,0.6882051282051281,0.6666666666666666,0.11538461538461539,0.8059186339378357,0.08580976724624634,1.36191987991333,False,0.8673765599727631,0.1905345653494199,1.7292308293282985,0.13333333333333333
664,1,1,True,0.9899576306343079,36,0.7248391248391248,0.40978120978120985,0.4646074646074646,0.3333333333333333,0.08333333333333333,0.7613900899887085,0.017793476581573486,1.0376505851745605,False,0.8304909308751424,0.018153850237528482,0.9065170208613078,0.0
670,0,0,True,0.9124433398246765,15,0.8999999999999999,0.8180512161275675,0.8432774650830431,0.6666666666666666,0.2,0.6831727027893066,0.36344408988952637,2.1472113728523254,False,0.8131968130668005,0.31159681975841524,1.832110846042633,0.3333333333333333
678,1,0,False,0.9702919721603394,28,0.6081007115489874,0.5697865353037767,0.29885057471264365,1.0,0.10714285714285714,0.7511264085769653,0.24372059106826782,2.5088838934898376,False,0.8535347332557043,0.28237331211566924,2.4452715456485747,0.2
680,1,1,True,0.9950973391532898,20,0.7729323308270677,0.43458646616541347,0.5699248120300752,0.6666666666666666,0.15,0.6228544116020203,0.002917945384979248,0.4699268341064453,False,0.781270545721054,0.003653750816980998,0.5063944657643636,0.0
681,0,0,True,0.9022606015205383,9,0.6333333333333333,0.41666666666666663,0.049999999999999996,0.6666666666666666,0.3333333333333333,0.49906861782073975,0.04751694202423096,0.45029687881469727,False,0.6300930082798004,0.05563692847887675,0.48849849303563436,0.0
684,1,1,True,0.8707202076911926,17,0.6544117647058824,0.18872549019607845,0.19117647058823534,1.0,0.17647058823529413,0.6699555516242981,0.15819543600082397,0.9996641278266907,False,0.8372407555580139,0.17389021615187328,1.0272098563611507,0.13333333333333333
689,0,1,False,0.5718620419502258,25,0.48538461538461536,0.4646153846153846,0.3769230769230769,0.6666666666666666,0.12,0.7760286927223206,0.028916001319885254,0.11925560235977173,False,0.9142795324325561,0.09152421951293946,0.38613035107652344,0.23333333333333334
692,0,0,True,0.5953923463821411,26,0.667008547008547,0.7169820568943912,0.5050287670854571,0.6666666666666666,0.11538461538461539,0.7338369488716125,0.21396848559379578,0.8698116540908813,True,0.8785183151563009,0.23324735810359318,0.9848613781233628,0.8
695,0,0,True,0.9451684355735779,26,0.4523076923076923,0.5111111111111111,0.3647863247863247,0.3333333333333333,0.11538461538461539,0.6708083748817444,0.4170469641685486,2.7344917356967926,False,0.8130906701087952,0.4321853756904602,2.741215768953164,0.6
711,0,0,True,0.9994471669197083,24,0.7347826086956522,0.5356521739130434,0.5417391304347825,1.0,0.125,0.8041849136352539,0.008316338062286377,2.783719062805176,False,0.8927782823642095,0.02405556241671244,2.798402714729309,0.0
721,1,1,True,0.9997252821922302,9,0.65,0.6166666666666666,0.7333333333333334,0.3333333333333333,0.3333333333333333,0.7483888268470764,0.0015754103660583496,1.908761978149414,False,0.8566565026839574,0.003066180149714152,1.9752066294352213,0.0
730,0,0,True,0.9804826974868774,31,0.33306451612903226,0.30292649126017523,0.5091829030309275,0.6666666666666666,0.0967741935483871,0.8149930834770203,0.22779202461242676,2.803726553916931,False,0.9021337191263835,0.27298115293184916,2.8125479094684125,0.2
731,0,0,True,0.9239886999130249,11,0.26363636363636367,-0.20000000000000004,0.30000000000000004,0.6666666666666666,0.2727272727272727,0.671860933303833,0.2454763650894165,1.750875174999237,False,0.7839100927114486,0.3172815720240275,1.9840696781873703,0.3
744,1,1,True,0.9963698387145996,5,0.6,0.39999999999999997,0.7999999999999999,0.6666666666666666,0.6,0.7379562854766846,0.01759546995162964,1.7837648391723633,False,0.7165537455740074,0.02120164434115092,1.525325338045756,0.0
747,1,1,True,0.998542308807373,32,0.6140029325513195,0.3614369501466275,0.5549853372434016,1.0,0.09375,0.7571347951889038,0.010691940784454346,2.131161689758301,False,0.8631561060746511,0.011748307943344116,2.000836801528931,0.0
748,0,0,True,0.7280656695365906,19,0.09649122807017543,-0.08070175438596491,0.29473684210526313,0.3333333333333333,0.15789473684210525,0.7746996283531189,0.6027799844741821,2.9281315207481384,True,0.8656509081522624,0.5247061456243197,2.8405313859383265,0.9333333333333333
757,0,1,False,0.9310559034347534,31,0.35887096774193555,0.40383471619694256,0.5606460977486788,1.0,0.0967741935483871,0.7476306557655334,0.10844665765762329,1.068897008895874,False,0.8518601437409719,0.11819193164507548,1.0785178085168203,0.0
778,1,1,True,0.998291552066803,11,0.5636363636363637,0.8363636363636365,0.3727272727272728,0.3333333333333333,0.2727272727272727,0.5065663456916809,0.004006862640380859,1.2115888595581055,False,0.5561059494813283,0.004097253084182739,1.059672768910726,0.0
780,1,1,True,0.9941917061805725,11,0.6363636363636364,0.7061521737462181,0.5785892004243206,0.6666666666666666,0.2727272727272727,0.7290416955947876,0.007090508937835693,0.805020809173584,False,0.7907038909693559,0.01312485933303833,0.7407430251439412,0.0
782,1,1,True,0.9647764563560486,31,0.5487903225806452,0.6889269284589289,0.6140655588466517,0.6666666666666666,0.0967741935483871,0.6519289016723633,0.005612313747406006,0.15367794036865234,False,0.7996440529823303,0.022072364886601765,0.48994055986404417,0.0
785,1,0,False,0.8921196460723877,23,0.6778656126482214,0.5035829162878226,0.5559674002196274,0.3333333333333333,0.13043478260869565,0.6032648682594299,0.09793776273727417,0.7622570991516113,False,0.7500534236431122,0.13055382966995238,0.8800076514482498,0.0
792,1,1,True,0.9964470267295837,6,0.7714285714285715,1.0,0.7714285714285715,1.0,0.5,0.5859018564224243,0.012871146202087402,1.5439677238464355,False,0.5818064328593512,0.017591448624928792,1.4118509848912557,0.0
793,1,1,True,0.9926655888557434,25,0.6976923076923077,0.4915384615384616,0.5138461538461538,0.3333333333333333,0.12,0.6400305032730103,0.007233738899230957,0.693572998046875,False,0.7972325682640076,0.01433878739674886,0.8984292268753051,0.0
826,1,0,False,0.6933848857879639,11,0.8909090909090911,0.6454545454545455,0.6090909090909091,1.0,0.2727272727272727,0.5487754344940186,0.03475821018218994,0.1588117480278015,False,0.6404644836982091,0.08414464294910431,0.38909774596492447,0.03333333333333333
838,0,0,True,0.833463191986084,18,0.18059855521155832,0.40763673890608876,0.1001031991744066,0.3333333333333333,0.16666666666666666,0.7973496317863464,0.08543580770492554,0.522254228591919,False,0.9355627159277599,0.2676626905798912,1.4461422426005204,0.3333333333333333
844,0,0,True,0.9995020627975464,23,0.5464426877470356,0.3675889328063241,-0.14723320158102768,1.0,0.13043478260869565,0.8011407852172852,0.0014545917510986328,1.367931842803955,False,0.8859163075685501,0.007496621211369832,1.7455255111058554,0.0
846,0,1,False,0.7957867980003357,10,0.10303030303030303,0.19999999999999998,-0.5393939393939393,0.3333333333333333,0.3,0.809669554233551,0.11861693859100342,1.0084645748138428,False,0.8657043849428495,0.11216397484143575,1.0881251792112987,0.0
853,1,1,True,0.9784644842147827,14,0.6439560439560439,0.1824175824175824,0.002197802197802198,0.6666666666666666,0.21428571428571427,0.4158029556274414,0.009366095066070557,0.5803103446960449,False,0.5523834337790807,0.010199250777562459,0.7237484375635783,0.0
856,1,1,True,0.7612575888633728,23,0.48023715415019763,0.3448616600790514,0.4575098814229249,0.6666666666666666,0.13043478260869565,0.6379836797714233,0.16156888008117676,1.3217976093292236,False,0.756016880273819,0.15382486184438068,1.5195541940629482,0.0
860,1,1,True,0.9713864922523499,42,0.7543148853415446,0.6925414465377224,0.7578463542535664,0.6666666666666666,0.07142857142857142,0.7874554395675659,0.07609570026397705,1.3788833618164062,False,0.9195464889208476,0.11210521062215169,1.5050169050693512,0.03333333333333333
864,0,0,True,0.9984996318817139,8,0.8095238095238096,0.6904761904761906,0.4761904761904762,0.6666666666666666,0.375,0.846802830696106,0.04680711030960083,3.5198440551757812,False,0.8857429256041844,0.0858088751633962,3.463855715592702,0.0
871,1,1,True,0.9966088533401489,26,0.7969230769230767,0.6899523085215296,0.5991510076991549,0.6666666666666666,0.11538461538461539,0.8309948444366455,0.04788476228713989,2.7652950286865234,False,0.9168879826863606,0.07351987560590108,2.669417071342468,0.0
