idx,label,p_positive
0,1,0.9453360200467383
1,0,0.38145258162650264
2,1,0.7792566999174845
3,1,0.6822080927702042
4,0,0.348553208944367
5,1,0.8875041811063447
6,0,0.2939774008263832
7,0,0.48530886707058163
8,1,0.6976244398802257
9,0,0.16892026475855132
10,1,0.8800274925215078
11,0,0.4528350526438749
12,0,0.13859971736795998
13,1,0.4617705725464913
14,0,0.4378501013111819
15,1,0.8511507521136227
16,1,0.7273244347932987
17,1,0.7851495470484283
18,0,0.09251596649304368
19,0,0.5853390445009558
20,0,0.5875441947304209
21,0,0.2526264526376634
22,0,0.48864579105008976
23,1,0.9081570774198597
24,1,0.7430548018982946
25,0,0.2541515232496037
26,0,0.2874082200074478
27,1,0.899997831272843
28,0,0.6053608849679342
29,0,0.2258360464530781
30,1,0.8872725542949864
31,0,0.5048865693478566
32,1,0.8832356017440168
33,0,0.35431070505282336
34,0,0.16742466029005534
35,0,0.3420134834344822
36,1,0.6306968728687926
37,0,0.5374588087089749
38,1,0.6340330036519892
39,1,0.4651714744110863
40,1,0.8206534839256824
41,1,0.879661024563458
42,1,0.42106166926169564
43,1,0.7808725678069829
44,0,0.4257022807552115
45,0,0.7184290206369754
46,0,0.2868984423892173
47,1,0.8826799542077232
48,1,0.8015993885451387
49,0,0.383234731139861
50,0,0.22423183388380027
51,1,0.804312326898205
52,1,0.592187815741697
53,1,0.8976584722177092
54,0,0.19381565364573172
55,1,0.9014459527049983
56,0,0.36563016767167006
57,0,0.13678295403108637
58,0,0.7561971558747738
59,0,0.39381331849212353
60,1,0.6489267869414881
61,0,0.547970706451782
62,1,0.4870958489395043
63,1,0.7891297204638842
64,0,0.6595874733604248
65,0,0.3034981839918687
66,1,0.5514248926066252
67,1,0.9372420167643669
68,1,0.752219339020673
69,0,0.3789976422395647
70,0,0.4769097929395447
71,1,0.7955577148529717
72,1,0.7479771225600966
73,1,0.3367218116415313
74,0,0.26446506704269945
75,1,0.8247320829296616
76,0,0.1988082638765255
77,1,0.8051633277101079
78,1,0.5788589707533563
79,0,0.3538511184630766
80,1,0.7429283155566327
81,0,0.3236297846829257
82,0,0.648906088940064
83,1,0.5832568755721094
84,1,0.7740386980196948
85,1,0.572305362730677
86,0,0.31795627689544337
87,1,0.45583546541784353
88,1,0.3446860702181468
89,1,0.2470167995094355
90,1,0.566799567608873
91,1,0.8431504538330172
92,0,0.57398178199611
93,1,0.30632567222279006
94,1,0.6871786211023612
95,0,0.6017088584859266
96,0,0.3769536299230491
97,1,0.6406924398403366
98,0,0.2435718741472947
99,0,0.5856664677475819
100,1,0.5249249149121744
101,0,0.4165167071940753
102,1,0.7037633832493378
103,1,0.8939695023590131
104,1,0.5571941852898421
105,0,0.16204528210846794
106,1,0.6794716693691052
107,0,0.4644456641133974
108,0,0.19888659854162632
109,1,0.847712172890408
110,0,0.39977311164416784
111,0,0.7447844646203478
112,1,0.20468069885424306
113,0,0.31079078115744996
114,1,0.7761691310417985
115,0,0.5514057124817314
116,1,0.6024394085151636
117,1,0.49806791132962747
118,0,0.6692375327928414
119,0,0.46230783326448754
120,1,0.8477704244279533
121,0,0.5015974137210467
122,1,0.7730531698983253
123,1,0.5186662115081949
124,1,0.5839009372433802
125,1,0.8742686006889341
126,0,0.32198357418164925
127,0,0.35726641325213393
128,1,0.7428784169335276
129,1,0.9272994626807631
130,0,0.15078020557745045
131,0,0.40355466265962786
132,1,0.780708338455035
133,0,0.45830753580482164
134,0,0.28448986154562744
135,0,0.8438338470683149
136,0,0.25902384610206697
137,0,0.33325519836940554
138,1,0.6192896023733587
139,0,0.31952710066146844
140,0,0.44619898002247776
141,0,0.3782531140607046
142,1,0.5890198426813307
143,1,0.7219474536884714
144,0,0.3411271667530037
145,0,0.7809761966987205
146,1,0.7257557114732855
147,0,0.6549538110353559
148,0,0.13394293395928122
149,1,0.44116271732449763
150,1,0.47966530971159305
151,1,0.8925303669401583
152,1,0.6131041930450154
153,0,0.32602235706827665
154,1,0.6286337188563961
155,0,0.3613200745354575
156,1,0.6806380295941825
157,0,0.648503028189941
158,0,0.5386619764513951
159,1,0.5305672767504538
160,0,0.26004361843775886
161,0,0.17429216962188088
162,0,0.13480678910401786
163,0,0.38087814559022065
164,1,0.703129239290279
165,0,0.3765877722835786
166,0,0.3439325585688728
167,0,0.37052012828223607
168,1,0.8572939056205929
169,1,0.7973393169223517
170,1,0.9267792299826556
171,0,0.5222131681140905
172,1,0.16964922084389453
173,0,0.8468044431463472
174,1,0.6451774310750271
175,1,0.6239249323951525
176,0,0.20304219411763555
177,0,0.367384376863817
178,0,0.2664991143397852
179,1,0.77349636278264
180,0,0.23072801190381997
181,0,0.1668563165872971
182,0,0.5968133531739431
183,0,0.7196426296876192
184,0,0.6060631455843948
185,1,0.8489140005651654
186,1,0.5821714047020947
187,1,0.3696388990292779
188,0,0.4356308575975993
189,0,0.2923012689352038
190,0,0.3914438261137447
191,1,0.6954145916880088
192,1,0.5628609271385366
193,1,0.7209923030452141
194,1,0.7816841775437241
195,1,0.25883781072712286
196,1,0.3150015823072267
197,0,0.09150917711335002
198,1,0.7962341561149076
199,0,0.49745824617243106
200,1,0.7294493354827684
201,1,0.34613218671341467
202,0,0.35594599194984483
203,0,0.01155880073945884
204,1,0.8493508790487155
205,1,0.6278803920530446
206,1,0.9110686715279194
207,1,0.9363934052391788
208,0,0.3975833780795392
209,0,0.24515985540492904
210,1,0.6607107245241342
211,0,0.4502760410858756
212,0,0.15027266793206764
213,0,0.4460526363146471
214,0,0.41994640080463275
215,1,0.8076864209713818
216,1,0.7113169852665043
217,0,0.3463799252112414
218,0,0.7000913572718268
219,1,0.5952651970576378
220,1,0.7107338975799703
221,0,0.3932358158519301
222,1,0.8498360452256952
223,1,0.6253686472917791
224,1,0.5173503806399042
225,1,0.6416180939243364
226,0,0.4310704526038574
227,1,0.7899350902646646
228,1,0.8713935037112738
229,0,0.24994765416445267
230,1,0.5608252873192769
231,1,0.8136100199162377
232,0,0.26149649889495363
233,0,0.6354972981391966
234,1,0.815702987318492
235,1,0.5083005231720598
236,1,0.4094826563852503
237,0,0.17420270720522996
238,0,0.48014011374585436
239,1,0.7209654278357572
240,1,0.6460084275900306
241,0,0.22168234941768675
242,0,0.15311731216077976
243,1,0.46915135013842263
244,1,0.8162964317673048
245,1,0.6108854385886581
246,1,0.8192352470415731
247,0,0.5896724581228246
248,1,0.28686488662067705
249,1,0.717784517341078
250,1,0.8004095480253672
251,0,0.26342070896000574
252,1,0.8973003851571622
253,0,0.517931648207003
254,0,0.2669188709741293
255,0,0.1624264170708164
256,0,0.2442225973116263
257,0,0.09215939338044567
258,0,0.34933022536565117
259,1,0.7521078394447664
260,0,0.24760796125897425
261,1,0.8179805989628703
262,0,0.1800775995744853
263,1,0.8084521386787246
264,0,0.3684187179522509
265,0,0.42097284295111426
266,1,0.4169491775424531
267,0,0.5072642844253826
268,0,0.11324069506102992
269,0,0.3777220079766772
270,1,0.7616871673415663
271,1,0.20062922317077628
272,0,0.3307326555813732
273,1,0.4532408470780792
274,0,0.5416686633973575
275,1,0.9507803520301954
276,1,0.48347846344221207
277,1,0.4847060183732673
278,0,0.5133740263523486
279,1,0.6122765734218613
280,1,0.45583567172865397
281,0,0.4094412768244989
282,1,0.43925442594355096
283,1,0.7488541972354007
284,0,0.3299466174116545
285,0,0.3493911748589994
286,1,0.7086226342385438
287,1,0.702599981930577
288,1,0.6382075600354139
289,1,0.8632354790848329
290,1,0.7791604263040613
291,0,0.25307885692821813
292,0,0.5026285946427594
293,1,0.6080806403061372
294,1,0.5203465744635487
295,1,0.5284505284489757
296,0,0.6088052431183333
297,1,0.7309483110475151
298,0,0.5187941683063968
299,1,0.7129572269058323
300,1,0.8208400765477271
301,0,0.6370851458794776
302,1,0.6183861937776532
303,1,0.743398339192929
304,1,0.833836936256727
305,0,0.2835105443143672
306,1,0.8069909373271685
307,1,0.9057048831549379
308,1,0.7972252739903435
309,1,0.5651435720193941
310,1,0.7611432590607224
311,1,0.977270781440944
312,0,0.6598178809553149
313,1,0.8706792086576798
314,1,0.9055341892373633
315,0,0.19119998644934372
316,1,0.7267787706041514
317,1,0.8711967986771906
318,0,0.4516980677313761
319,0,0.05369320541905461
320,1,0.9063425865970317
321,0,0.11203727713732398
322,0,0.67612569230776
323,1,0.38547875875900467
324,1,0.729470818090669
325,1,0.4921479226259699
326,1,0.7559641724919326
327,1,0.8726024369044038
328,0,0.6519825263580276
329,0,0.3850738141684802
330,0,0.5051706216530556
331,1,0.610722608986431
332,1,0.7035723320978996
333,1,0.7607478957165142
334,1,0.880178451467519
335,0,0.5232931567579561
336,1,0.7380587595233481
337,0,0.3052861745653666
338,0,0.40561651602971766
339,1,0.8903993175216128
340,0,0.514308435779371
341,1,0.6900294331444967
342,0,0.043702109831783124
343,0,0.11497849012500834
344,1,0.5353286148861549
345,1,0.7362580333592522
346,0,0.054623660270005654
347,0,0.48517498342437204
348,0,0.06415066931746938
349,0,0.41570326283070325
350,0,0.341315019568609
351,1,0.7407167700020074
352,1,0.9343039390177381
353,1,0.8522943628782103
354,1,0.7677940821199565
355,0,0.3144632454978414
356,0,0.4685263857128705
357,0,0.41155951234119975
358,1,0.30877266685130295
359,1,0.7318848306742048
360,1,0.8814328654413341
361,0,0.08955968315899555
362,1,0.8313864923472575
363,0,0.3156435641644738
364,0,0.2517820615941251
365,0,0.25197048694725005
366,1,0.7923726635819193
367,1,0.6993759575231736
368,0,0.4205559260821438
369,1,0.8260670337267981
370,0,0.24592090057871277
371,1,0.6473658387200296
372,1,0.9021960328607124
373,0,0.09222740249184136
374,0,0.5974839397944055
375,1,0.44591717042053325
376,0,0.14329269198776215
377,0,0.30519022995141265
378,0,0.4439267493718604
379,0,0.24217185933899302
380,0,0.18048881322477475
381,1,0.8157545231667459
382,0,0.7307981740271282
383,1,0.9431093198160685
384,0,0.3076699894290574
385,0,0.40773313707306047
386,1,0.8800520445696303
387,1,0.7102553438276781
388,0,0.43291539699122844
389,1,0.705856206889844
390,0,0.27856735672427885
391,0,0.3609931074440571
392,0,0.2017522872883646
393,1,0.9015349095653516
394,1,0.47033667087151243
395,0,0.3853707280884673
396,1,0.98134006968607
397,1,0.7683690991082732
398,1,0.2720101176764167
399,0,0.38750207779197005
400,1,0.6929897670125686
401,1,0.6519937406577647
402,0,0.8557289988042638
403,0,0.2860801566610043
404,1,0.9080103307778341
405,0,0.8656384627415997
406,1,0.7398136654775146
407,0,0.34862882337015383
408,0,0.37577960873978744
409,0,0.07679021791351423
410,1,0.5933398087949316
411,0,0.20832445780539408
412,0,0.22524345154228012
413,0,0.36726847526493356
414,1,0.5060515690672202
415,1,0.7502137550240843
416,1,0.48164543461176046
417,1,0.7747355291931953
418,1,0.8806978255614192
419,0,0.038039031150617436
420,0,0.5676034242563271
421,1,0.45859280543822867
422,1,0.35606384600544627
423,0,0.33593704682606385
424,1,0.8220291489683461
425,1,0.669578110944211
426,1,0.7645823460233632
427,1,0.9569115369849398
428,1,0.848698249682399
429,0,0.12723098018367773
430,1,0.9072262993177683
431,0,0.07606399292124763
432,0,0.38834023453026156
433,1,0.3174522676869161
434,0,0.187411906799264
435,1,0.3455633528737817
436,0,0.18677121506436076
437,1,0.844929485615235
438,1,0.7972821551978735
439,1,0.9147153727813706
440,1,0.47999496948965076
441,0,0.15360293667265443
442,0,0.6117371179960505
443,1,0.8704646865437721
444,0,0.2408412685037947
445,1,0.4579667803058711
446,0,0.4357250267587459
447,1,0.5671171890473304
448,1,0.47515153594565973
449,0,0.4186923595603812
450,1,0.9117787851878519
451,1,0.5470945929345211
452,0,0.4250007147597257
453,1,0.7843589242555828
454,0,0.6013507632489533
455,1,0.770960800451109
456,0,0.6466269309202094
457,1,0.942263107026398
458,1,0.7597322413693547
459,1,0.878198559362549
460,1,0.6953697930209642
461,0,0.2189046396849302
462,0,0.21221695766629672
463,0,0.6541150931362962
464,1,0.6933909121914461
465,0,0.4784331632664948
466,1,0.2407883833703642
467,1,0.5587953336469352
468,1,0.5996358361493507
469,0,0.16609895581594833
470,1,0.8870200325327845
471,0,0.13203162862768372
472,1,0.6785324448548153
473,1,0.8663819176292461
474,0,0.1965199806068552
475,1,0.8467031651736541
476,0,0.41583896228305733
477,0,0.6004863946403391
478,0,0.3923576640972655
479,1,0.88536631909185
480,1,0.49280235772038045
481,1,0.8732366882531997
482,1,0.6114167271027999
483,1,0.6155233024959919
484,1,0.7888156880391198
485,1,0.7492522581723752
486,0,0.33932303949516956
487,0,0.3467160310224701
488,1,0.8955659842049954
489,0,0.0902442976187234
490,0,0.21555182572934073
491,0,0.21777658407642733
492,1,0.9075894741720604
493,0,0.07415003023778947
494,0,0.39803514697671766
495,1,0.6872528516984214
496,1,0.25437055817182735
497,0,0.31453857313936867
498,1,0.7949281313662838
499,1,0.6343316449575348
500,0,0.20632321963111408
501,1,0.6240687975382021
502,0,0.17799359141270266
503,0,0.10551044309603416
504,1,0.9404786888334807
505,1,0.6183634101060952
506,1,0.7947877882271066
507,1,0.7083633253352013
508,1,0.9775826537656263
509,1,0.7449234518861577
510,1,0.8625931279107235
511,1,0.8443159248509935
512,0,0.2079622980738761
513,0,0.7077835218686709
514,1,0.7287234871012891
515,0,0.38948029784595123
516,0,0.23925010882158027
517,1,0.2993932541815993
518,1,0.5994065407538005
519,0,0.6020824697356969
520,1,0.4168971464418395
521,0,0.27421563347421796
522,0,0.4700334480132914
523,1,0.7638467568412132
524,1,0.7325015800465287
525,1,0.8358647829959212
526,0,0.4088708695649492
527,0,0.5745569842142046
528,1,0.49963240648746193
529,0,0.2313397496667892
530,1,0.8444660830813109
531,0,0.3056809147766682
532,1,0.6627094631518482
533,1,0.8053689259049018
534,1,0.5007747148676122
535,1,0.8946862491474494
536,0,0.7186147973641882
537,1,0.8813731527084762
538,0,0.07975762240881373
539,0,0.35833704442458825
540,1,0.5279818484944944
541,1,0.9158557518781174
542,0,0.26949389675899604
543,0,0.4173902229137044
544,0,0.7611978825331651
545,0,0.4907380335488101
546,1,0.47493424548868435
547,0,0.4338195634762839
548,0,0.45225307669846104
549,0,0.1447986820142287
550,0,0.16962680099034477
551,0,0.18246835471648334
552,0,0.4969630731518998
553,1,0.8444632179160383
554,0,0.2567845919848782
555,0,0.27602372598541364
556,0,0.06768820017851508
557,1,0.9113371763921874
558,1,0.5200436473699241
559,0,0.3852004227211387
560,0,0.767448970462864
561,1,0.5253587980895583
562,0,0.7509387570938543
563,1,0.8110718779404202
564,0,0.12774177581865834
565,1,0.9267837282031095
566,0,0.29154668273163
567,1,0.8498161901512802
568,0,0.2221136022267254
569,1,0.7305006518058925
570,1,0.7570060392116263
571,0,0.4645060125603545
572,0,0.39030391892778804
573,1,0.8206009496299365
574,0,0.5670859801288366
575,0,0.6448056236634307
576,0,0.5872361375568003
577,1,0.5275664373237856
578,0,0.1808441778939683
579,0,0.34022717133151004
580,0,0.41176991617435993
581,0,0.13908507528559513
582,0,0.6840008506513179
583,0,0.28400118482757536
584,0,0.7336458551954017
585,0,0.33301377993287823
586,0,0.4960919563399358
587,0,0.3073793003337536
588,1,0.572672487612007
589,1,0.4069483088632135
590,0,0.5036541036724638
591,0,0.3685799399916871
592,0,0.3664347422450282
593,1,0.8244822725902025
594,1,0.8944001785649002
595,0,0.3245606988730761
596,0,0.6343092695655519
597,0,0.22700672089793658
598,0,0.044246389872050436
599,0,0.31735877635050835
600,0,0.30059342880271184
601,0,0.7282487907113009
602,1,0.5234025405489031
603,1,0.9318089238006971
604,0,0.3521574141678128
605,1,0.850167754313553
606,0,0.6072397356166122
607,1,0.7992143919927318
608,1,0.5323085127469522
609,1,0.3420975383292835
610,0,0.25935057874257933
611,1,0.7639214772137382
612,0,0.5216160462901227
613,1,0.8159075607636255
614,1,0.38678257303478425
615,0,0.5448925736030006
616,1,0.6698401779199672
617,0,0.352905549282699
618,0,0.3539858624733312
619,0,0.29103005762552886
620,0,0.5619450861102594
621,1,0.7139057942057423
622,1,0.5447700862265475
623,1,0.47594309840563387
624,1,0.8790415193775782
625,1,0.8055297644775314
626,1,0.6619395656350127
627,0,0.5056809252890314
628,1,0.8762009624327967
629,0,0.6165960513097591
630,1,0.3308422520557522
631,0,0.6624284025456313
632,0,0.18811757170544927
633,1,0.8313294631809144
634,1,0.7199009324628982
635,0,0.40730760711906433
636,1,0.7400707789407374
637,0,0.4065825147833527
638,1,0.6629625403485792
639,0,0.5035151475257523
640,1,0.9008539990499891
641,1,0.529093776957404
642,0,0.05703491674721628
643,1,0.37414716905525236
644,1,0.7533233586185162
645,0,0.38702351256226114
646,0,0.5845967856328664
647,0,0.08397520422805124
648,1,0.8385425771583229
649,0,0.14414934358308057
650,0,0.012738225517240189
651,0,0.671693929644386
652,0,0.1570490386007418
653,0,0.5685151798146212
654,0,0.18397847800658268
655,1,0.9119903023073955
656,1,0.31956727583945627
657,0,0.20545291669663246
658,1,0.8872075337765709
659,0,0.5214876780425366
660,1,0.5102320056947403
661,0,0.21859801466885215
662,0,0.1568480686468279
663,1,0.7039125590485955
664,1,0.7112609952856135
665,1,0.44609794271233855
666,1,0.7517537888884491
667,1,0.8200386171666544
668,0,0.34530662727672184
669,1,0.5712102792617865
670,0,0.5542781000751675
671,1,0.3716660299925713
672,0,0.39417517129974833
673,1,0.20196956142500316
674,1,0.7176030739453987
675,1,0.6071637098617215
676,0,0.6009667986069018
677,1,0.6976318451895793
678,1,0.365738886545535
679,1,0.7351818328611941
680,1,0.759972620735485
681,0,0.35821269705020703
682,0,0.5349855153603086
683,1,0.7701253334928322
684,1,0.4952593272788871
685,1,0.3571749763414093
686,1,0.7568380342603545
687,0,0.3039545919421685
688,0,0.6024988229840209
689,0,0.3621664474669743
690,0,0.15438043573133184
691,1,0.5068122681432109
692,0,0.16562144920827598
693,0,0.24453169734549543
694,0,0.22021744822101325
695,0,0.48748124650004254
696,1,0.689344471059484
697,1,0.5845574883618518
698,1,0.8476538236513325
699,1,0.2720433023479063
700,0,0.5408045763348046
701,0,0.49419237438742175
702,0,0.3524557021796606
703,0,0.3639285018384805
704,0,0.29364720729632277
705,0,0.6753193125643571
706,0,0.372861776628332
707,0,0.019771059806222877
708,1,0.7998379284680562
709,0,0.43740847646020226
710,0,0.1363791528680687
711,0,0.06438459898362126
712,0,0.19354532201943647
713,0,0.5840628468006323
714,1,0.9520213914315239
715,0,0.2380766577874381
716,0,0.4413692696805723
717,1,0.8540769062218792
718,1,0.8549995479930271
719,0,0.6577962913412801
720,1,0.8322240643806602
721,1,0.8517096567562361
722,0,0.06085179793404739
723,1,0.9005874730574936
724,0,0.4765438955396424
725,1,0.5789891909437714
726,1,0.6857226708329734
727,0,0.5069037063635343
728,1,0.4009777281374263
729,1,0.7164021410613511
730,0,0.16047739939844655
731,0,0.3086180301594208
732,0,0.13018845400015933
733,0,0.586485523538653
734,0,0.5578683316717142
735,0,0.3519453643518398
736,0,0.5851460595827248
737,1,0.8069803775633625
738,1,0.8765013645029918
739,1,0.8801681533428495
740,1,0.8330687544202023
741,1,0.6749838153111054
742,1,0.3086461454417691
743,0,0.3950873871256604
744,1,0.8278638275959962
745,0,0.4384044069578406
746,1,0.6780524761017032
747,1,0.5521478643382507
748,0,0.6342935867246419
749,1,0.30421498393738866
750,0,0.7329697609873113
751,0,0.2827459481255475
752,0,0.18776520282280745
753,1,0.5494681438109532
754,1,0.7957204835412165
755,1,0.7960594854205002
756,0,0.25869191692347415
757,0,0.45983927433869476
758,1,0.8516701690248257
759,0,0.28452071698273773
760,1,0.41780824709822134
761,0,0.24614881138799324
762,1,0.8734110032757948
763,1,0.5078438156288165
764,0,0.3760173113891334
765,0,0.15418051919370282
766,1,0.5751486810416981
767,1,0.7897816101327998
768,1,0.8294822799715463
769,1,0.8844667762751427
770,0,0.232870540361509
771,0,0.4234724193938822
772,1,0.7758542899998505
773,1,0.8186353425823262
774,0,0.5804077589128684
775,0,0.14478959467094465
776,0,0.47390742622387116
777,1,0.686591133527391
778,1,0.8590367094236472
779,0,0.4577761884359669
780,1,0.8308493879980318
781,0,0.49441436365722713
782,1,0.5377342099273309
783,1,0.7226315219974495
784,1,0.751323540921126
785,1,0.3931747496558242
786,0,0.3555793513950121
787,0,0.39191344188130167
788,1,0.6324044407778374
789,0,0.2424766307606032
790,0,0.560542945132854
791,0,0.7872759722075368
792,1,0.8694568799134882
793,1,0.8499066388518103
794,1,0.6425506280045122
795,0,0.3661138476379903
796,1,0.6279877853386688
797,0,0.540085280011991
798,0,0.16957211368130695
799,1,0.9340911062410208
800,0,0.28319491809319797
801,0,0.6102995107243293
802,0,0.4155964076449596
803,1,0.5340081931498702
804,0,0.5112603924915039
805,0,0.5357836117875759
806,1,0.8399826601131503
807,1,0.859095355977841
808,1,0.7620590550060743
809,1,0.8336653661406935
810,1,0.8332873642248573
811,0,0.5487089701246398
812,1,0.7091504786486361
813,0,0.7029453785365142
814,0,0.45177700687313904
815,1,0.792666445444125
816,1,0.688039880623946
817,1,0.8809988088143733
818,0,0.3562073049960048
819,0,0.24725090129836408
820,1,0.8655207346033804
821,1,0.8319148338033706
822,0,0.2160103355051828
823,1,0.5024573690889467
824,0,0.49881866041764217
825,1,0.8833190951091048
826,1,0.7317705513035446
827,0,0.06591024600498697
828,0,0.17572263150408474
829,0,0.40813423055838677
830,1,0.6564253563030608
831,1,0.7003284554090062
832,0,0.5605136051167002
833,0,0.10270259332326039
834,1,0.6618767805658615
835,1,0.8292258628419202
836,0,0.2693536059084182
837,1,0.7522587150960244
838,0,0.32808903286896934
839,0,0.2989892618357574
840,0,0.5725051249646456
841,1,0.8103689393954974
842,0,0.4605713188616851
843,0,0.5481158898118375
844,0,0.11353582625436315
845,0,0.6241789324047987
846,0,0.6655640977604033
847,1,0.5242800969958348
848,1,0.7843317851302162
849,1,0.6832510817712456
850,1,0.5424098561507786
851,0,0.7919698153115097
852,0,0.24067739240642916
853,1,0.7240767195328948
854,0,0.5681863321146625
855,1,0.7281091857018439
856,1,0.4956407701505797
857,1,0.6637429552934098
858,1,0.8978051116686733
859,1,0.7310786505768554
860,1,0.5379408085460221
861,1,0.8179796642777502
862,0,0.5892617179676893
863,0,0.7333766364839225
864,0,0.18268515155378026
865,1,0.41496884018356983
866,1,0.7650332118584137
867,0,0.4759318435560099
868,1,0.8293704724803463
869,0,0.23300519890945362
870,0,0.31217042432165115
871,1,0.6023996103926206
