hour,all,working_day,non_working_day
0,171.25433364949248,121.06332603593921,267.60641395872284
1,148.14284367330345,98.72135279920722,243.0176765191962
2,150.20255130285804,101.97689946495969,242.78172234933422
3,158.0753976343109,118.92309690527925,233.23638370537142
4,158.6700894785108,118.65279924750413,235.49160284168437
5,166.5240314077953,127.88800448484412,240.69392250805936
6,248.90225672664656,224.14203471818848,296.4346537209854
7,326.86611750405586,336.10358502139877,309.1328769415654
8,469.98633402368205,534.7020937755681,345.7509704123977
9,301.40331724462544,280.84684019993915,340.86575127931445
10,267.57519074281294,215.9018855041041,366.77284970471476
11,282.8306241577442,234.47804180607744,375.65346473065097
12,298.4317519672579,253.2526203107247,385.16249376045687
13,301.5075643088323,249.81755312732852,400.73729380325216
14,291.5170619627018,243.86021015845589,383.0043030175688
15,292.8887942221302,251.0532222821828,373.2008775813005
16,353.49522002035593,340.85581557509124,377.7591862181992
17,595.4074510883654,635.6972871563325,518.0627292936525
18,576.009230195216,640.8624074728115,451.51006505647456
19,429.8393700501071,452.801235519301,385.7592925435527
20,329.79778985038496,331.3756715005323,326.76871777747334
21,269.19557633932936,252.4622558555315,301.31866602720487
22,256.0742544988857,234.88635731068118,296.7488308528841
23,206.1345782602424,177.07138240183755,261.9274287037489
