temperature,pdp,centered_pdp
0.46,277.8483635646485,-8.789889771677451
0.47800000000000004,278.3753427020321,-8.262910634293803
0.496,278.9705255961759,-7.667727740150042
0.514,279.51249198363485,-7.125761352691086
0.532,279.96047882131796,-6.677774515007968
0.55,279.9679930605792,-6.6702602757467275
0.5680000000000001,280.17404440811544,-6.464208928210496
0.5860000000000001,280.40670804103695,-6.231545295288981
0.6040000000000001,280.4836278929462,-6.154625443379757
0.6220000000000001,282.42412569849233,-4.214127637833599
0.64,286.15033415468264,-0.4879191816432922
0.658,286.7920995827782,0.15384624645224676
0.676,288.7475917778347,2.1093384415087826
0.6940000000000001,289.99961621865975,3.3613628823338217
0.712,291.87398114466794,5.235727808342006
0.73,291.8914101962298,5.253156859903868
0.748,289.00473333119476,2.3664799948688255
0.766,288.7475814946002,2.109328158274252
0.784,287.5618360224243,0.9235826860983707
0.802,287.1573702192138,0.5191168828878858
0.8200000000000001,287.2413410219575,0.6030876856315786
0.8380000000000001,287.01942724256565,0.3811739062397237
0.8560000000000001,285.4706553440343,-1.1675979922916326
0.8740000000000001,285.28593148404013,-1.3523218522857974
0.8920000000000001,285.12594623422046,-1.512307102105467
0.9100000000000001,285.12594623422046,-1.512307102105467
0.9280000000000002,285.12594623422046,-1.512307102105467
0.9460000000000001,285.12594623422046,-1.512307102105467
0.964,285.12594623422046,-1.512307102105467
0.982,285.12594623422046,-1.512307102105467
1.0,285.12594623422046,-1.512307102105467
