yr,mnth,hr,workingday,weathersit,temp,atemp,hum,windspeed
0.0,0.019493436967792377,116.06616444829879,33.16836006427886,0.6411079405760347,0.9438214733592218,10.685319478544116,22.6638709860717,-0.4095281310443255
0.0,0.008611579352006515,121.58363494369499,34.06581676647923,0.7959819565000856,0.9357965495119771,10.11640413688211,21.383820761755132,-0.41411482512059195
0.0,0.015483869542492812,121.09037939450431,33.09226344752494,0.9895349789805294,1.2327166132970433,12.006987980655026,22.728360910638244,-0.12567229237072297
0.0,0.008285594360927462,119.47734592619943,31.211442722802445,0.828539279734386,0.7236383757313547,12.031170436259742,23.72393337325728,-0.03408763040718554
0.0,0.004445747231457631,118.0678937840415,33.97551953444919,0.7713900178648316,1.03156286327021,11.974891647476142,23.143701150434424,-0.3220391030120311
0.0,0.016068659541460306,120.71142627464337,33.089109268884826,0.8828684910304929,0.48848965573589,11.928992648792942,24.140634182715587,-0.20400888336585865
0.0,0.012885755459819848,121.25485733513253,32.304810964691285,0.7954034600866322,0.8861825272003756,13.211901449736558,23.408732815669836,-0.57389325295388
0.0,0.013921283560947018,120.45602929734525,32.25547201970342,0.9013588607981404,0.7537309092883504,11.77189259147383,21.794514312523248,-0.2503054026224021
0.0,0.010425655214589824,119.40107910876506,29.593865059652856,0.2621416921872992,0.7632078715890316,12.5656888907385,21.82188861792139,-0.4646363161601528
0.0,0.010947857088979163,120.32007684345334,32.297284525059226,0.8878519176346344,1.0447219288403602,12.587554022413457,22.997533947453903,-0.2719751425251218
