name,breed,y
Abyssinian_115,1,0
Abyssinian_116,1,0
Abyssinian_197,1,0
Abyssinian_10,1,0
Abyssinian_190,1,0
Abyssinian_129,1,0
Abyssinian_111,1,0
Abyssinian_15,1,0
Abyssinian_180,1,0
Abyssinian_151,1,0
Abyssinian_142,1,0
Abyssinian_173,1,0
Abyssinian_172,1,0
Abyssinian_118,1,0
Abyssinian_184,1,0
Abyssinian_140,1,0
Abyssinian_123,1,0
Abyssinian_148,1,0
Abyssinian_167,1,0
Abyssinian_132,1,0
Abyssinian_16,1,0
Abyssinian_143,1,0
Abyssinian_144,1,0
Abyssinian_127,1,0
Abyssinian_170,1,0
Abyssinian_181,1,0
Abyssinian_113,1,0
Abyssinian_114,1,0
Abyssinian_102,1,0
Abyssinian_103,1,0
american_bulldog_188,2,1
american_bulldog_173,2,1
american_bulldog_104,2,1
american_bulldog_102,2,1
american_bulldog_115,2,1
american_bulldog_14,2,1
american_bulldog_168,2,1
american_bulldog_169,2,1
american_bulldog_120,2,1
american_bulldog_182,2,1
american_bulldog_193,2,1
american_bulldog_197,2,1
american_bulldog_177,2,1
american_bulldog_200,2,1
american_bulldog_192,2,1
american_bulldog_130,2,1
american_bulldog_10,2,1
american_bulldog_129,2,1
american_bulldog_131,2,1
american_bulldog_133,2,1
american_bulldog_150,2,1
american_bulldog_119,2,1
american_bulldog_13,2,1
american_bulldog_109,2,1
american_bulldog_118,2,1
american_bulldog_142,2,1
american_bulldog_116,2,1
american_bulldog_186,2,1
american_bulldog_103,2,1
american_bulldog_144,2,1
american_pit_bull_terrier_180,3,1
american_pit_bull_terrier_141,3,1
american_pit_bull_terrier_103,3,1
american_pit_bull_terrier_128,3,1
american_pit_bull_terrier_189,3,1
american_pit_bull_terrier_172,3,1
american_pit_bull_terrier_146,3,1
american_pit_bull_terrier_133,3,1
american_pit_bull_terrier_161,3,1
american_pit_bull_terrier_124,3,1
american_pit_bull_terrier_110,3,1
american_pit_bull_terrier_121,3,1
american_pit_bull_terrier_112,3,1
american_pit_bull_terrier_123,3,1
american_pit_bull_terrier_118,3,1
american_pit_bull_terrier_142,3,1
american_pit_bull_terrier_143,3,1
american_pit_bull_terrier_13,3,1
american_pit_bull_terrier_166,3,1
american_pit_bull_terrier_140,3,1
american_pit_bull_terrier_156,3,1
american_pit_bull_terrier_134,3,1
american_pit_bull_terrier_147,3,1
american_pit_bull_terrier_104,3,1
american_pit_bull_terrier_136,3,1
american_pit_bull_terrier_15,3,1
american_pit_bull_terrier_187,3,1
american_pit_bull_terrier_127,3,1
american_pit_bull_terrier_174,3,1
american_pit_bull_terrier_130,3,1
basset_hound_103,4,1
basset_hound_156,4,1
basset_hound_167,4,1
basset_hound_164,4,1
basset_hound_168,4,1
basset_hound_170,4,1
basset_hound_115,4,1
basset_hound_185,4,1
basset_hound_145,4,1
basset_hound_107,4,1
basset_hound_179,4,1
basset_hound_160,4,1
basset_hound_13,4,1
basset_hound_17,4,1
basset_hound_166,4,1
basset_hound_151,4,1
basset_hound_130,4,1
basset_hound_147,4,1
basset_hound_173,4,1
basset_hound_150,4,1
basset_hound_117,4,1
basset_hound_139,4,1
basset_hound_152,4,1
basset_hound_109,4,1
basset_hound_187,4,1
basset_hound_149,4,1
basset_hound_144,4,1
basset_hound_100,4,1
basset_hound_108,4,1
basset_hound_178,4,1
beagle_160,5,1
beagle_184,5,1
beagle_180,5,1
beagle_141,5,1
beagle_104,5,1
beagle_113,5,1
beagle_175,5,1
beagle_186,5,1
beagle_170,5,1
beagle_103,5,1
beagle_146,5,1
beagle_176,5,1
beagle_109,5,1
beagle_181,5,1
beagle_125,5,1
beagle_190,5,1
beagle_183,5,1
beagle_119,5,1
beagle_139,5,1
beagle_155,5,1
beagle_158,5,1
beagle_129,5,1
beagle_153,5,1
beagle_15,5,1
beagle_144,5,1
beagle_163,5,1
beagle_118,5,1
beagle_121,5,1
beagle_112,5,1
beagle_136,5,1
Bengal_182,6,0
Bengal_147,6,0
Bengal_160,6,0
Bengal_142,6,0
Bengal_173,6,0
Bengal_104,6,0
Bengal_121,6,0
Bengal_122,6,0
Bengal_116,6,0
Bengal_107,6,0
Bengal_143,6,0
Bengal_191,6,0
Bengal_172,6,0
Bengal_103,6,0
Bengal_164,6,0
Bengal_150,6,0
Bengal_169,6,0
Bengal_170,6,0
Bengal_174,6,0
Bengal_112,6,0
Bengal_100,6,0
Bengal_151,6,0
Bengal_158,6,0
Bengal_145,6,0
Bengal_154,6,0
Bengal_138,6,0
Bengal_187,6,0
Bengal_185,6,0
Bengal_18,6,0
Bengal_129,6,0
Birman_173,7,0
Birman_178,7,0
Birman_146,7,0
Birman_114,7,0
Birman_13,7,0
Birman_132,7,0
Birman_10,7,0
Birman_177,7,0
Birman_163,7,0
Birman_147,7,0
Birman_160,7,0
Birman_144,7,0
Birman_115,7,0
Birman_183,7,0
Birman_16,7,0
Birman_143,7,0
Birman_113,7,0
Birman_169,7,0
Birman_188,7,0
Birman_189,7,0
Birman_100,7,0
Birman_162,7,0
Birman_168,7,0
Birman_172,7,0
Birman_116,7,0
Birman_128,7,0
Birman_123,7,0
Birman_156,7,0
Birman_185,7,0
Birman_171,7,0
Bombay_13,8,0
Bombay_152,8,0
Bombay_107,8,0
Bombay_138,8,0
Bombay_146,8,0
Bombay_123,8,0
Bombay_180,8,0
Bombay_182,8,0
Bombay_158,8,0
Bombay_132,8,0
Bombay_120,8,0
Bombay_121,8,0
Bombay_106,8,0
Bombay_102,8,0
Bombay_167,8,0
Bombay_125,8,0
Bombay_166,8,0
Bombay_160,8,0
Bombay_141,8,0
Bombay_100,8,0
Bombay_179,8,0
Bombay_18,8,0
Bombay_157,8,0
Bombay_148,8,0
Bombay_171,8,0
Bombay_143,8,0
Bombay_175,8,0
Bombay_15,8,0
Bombay_185,8,0
Bombay_135,8,0
boxer_143,9,1
boxer_182,9,1
boxer_132,9,1
boxer_120,9,1
boxer_168,9,1
boxer_118,9,1
boxer_134,9,1
boxer_159,9,1
boxer_125,9,1
boxer_164,9,1
boxer_169,9,1
boxer_167,9,1
boxer_123,9,1
boxer_112,9,1
boxer_166,9,1
boxer_142,9,1
boxer_154,9,1
boxer_136,9,1
boxer_110,9,1
boxer_16,9,1
boxer_170,9,1
boxer_12,9,1
boxer_139,9,1
boxer_121,9,1
boxer_175,9,1
boxer_185,9,1
boxer_151,9,1
boxer_133,9,1
boxer_104,9,1
boxer_14,9,1
British_Shorthair_126,10,0
British_Shorthair_184,10,0
British_Shorthair_186,10,0
British_Shorthair_164,10,0
British_Shorthair_153,10,0
British_Shorthair_111,10,0
British_Shorthair_116,10,0
British_Shorthair_119,10,0
British_Shorthair_195,10,0
British_Shorthair_103,10,0
British_Shorthair_209,10,0
British_Shorthair_121,10,0
British_Shorthair_113,10,0
British_Shorthair_101,10,0
British_Shorthair_166,10,0
British_Shorthair_199,10,0
British_Shorthair_135,10,0
British_Shorthair_185,10,0
British_Shorthair_165,10,0
British_Shorthair_161,10,0
British_Shorthair_163,10,0
British_Shorthair_137,10,0
British_Shorthair_106,10,0
British_Shorthair_122,10,0
British_Shorthair_18,10,0
British_Shorthair_100,10,0
British_Shorthair_136,10,0
British_Shorthair_140,10,0
British_Shorthair_149,10,0
British_Shorthair_108,10,0
chihuahua_111,11,1
chihuahua_158,11,1
chihuahua_16,11,1
chihuahua_135,11,1
chihuahua_142,11,1
chihuahua_160,11,1
chihuahua_120,11,1
chihuahua_14,11,1
chihuahua_101,11,1
chihuahua_106,11,1
chihuahua_134,11,1
chihuahua_115,11,1
chihuahua_119,11,1
chihuahua_163,11,1
chihuahua_141,11,1
chihuahua_173,11,1
chihuahua_151,11,1
chihuahua_144,11,1
chihuahua_123,11,1
chihuahua_131,11,1
chihuahua_117,11,1
chihuahua_143,11,1
chihuahua_138,11,1
chihuahua_161,11,1
chihuahua_176,11,1
chihuahua_10,11,1
chihuahua_189,11,1
chihuahua_177,11,1
chihuahua_159,11,1
chihuahua_133,11,1
Egyptian_Mau_142,12,0
Egyptian_Mau_130,12,0
Egyptian_Mau_11,12,0
Egyptian_Mau_186,12,0
Egyptian_Mau_128,12,0
Egyptian_Mau_194,12,0
Egyptian_Mau_197,12,0
Egyptian_Mau_118,12,0
Egyptian_Mau_195,12,0
Egyptian_Mau_157,12,0
Egyptian_Mau_175,12,0
Egyptian_Mau_16,12,0
Egyptian_Mau_12,12,0
Egyptian_Mau_190,12,0
Egyptian_Mau_160,12,0
Egyptian_Mau_103,12,0
Egyptian_Mau_14,12,0
Egyptian_Mau_125,12,0
Egyptian_Mau_161,12,0
Egyptian_Mau_144,12,0
Egyptian_Mau_126,12,0
Egyptian_Mau_104,12,0
Egyptian_Mau_193,12,0
Egyptian_Mau_15,12,0
Egyptian_Mau_187,12,0
Egyptian_Mau_164,12,0
Egyptian_Mau_119,12,0
Egyptian_Mau_171,12,0
Egyptian_Mau_100,12,0
Egyptian_Mau_168,12,0
english_cocker_spaniel_114,13,1
english_cocker_spaniel_142,13,1
english_cocker_spaniel_153,13,1
english_cocker_spaniel_176,13,1
english_cocker_spaniel_169,13,1
english_cocker_spaniel_107,13,1
english_cocker_spaniel_104,13,1
english_cocker_spaniel_166,13,1
english_cocker_spaniel_112,13,1
english_cocker_spaniel_143,13,1
english_cocker_spaniel_140,13,1
english_cocker_spaniel_145,13,1
english_cocker_spaniel_177,13,1
english_cocker_spaniel_175,13,1
english_cocker_spaniel_111,13,1
english_cocker_spaniel_168,13,1
english_cocker_spaniel_15,13,1
english_cocker_spaniel_167,13,1
english_cocker_spaniel_103,13,1
english_cocker_spaniel_139,13,1
english_cocker_spaniel_182,13,1
english_cocker_spaniel_10,13,1
english_cocker_spaniel_13,13,1
english_cocker_spaniel_180,13,1
english_cocker_spaniel_158,13,1
english_cocker_spaniel_120,13,1
english_cocker_spaniel_122,13,1
english_cocker_spaniel_165,13,1
english_cocker_spaniel_189,13,1
english_cocker_spaniel_124,13,1
english_setter_118,14,1
english_setter_119,14,1
english_setter_126,14,1
english_setter_138,14,1
english_setter_150,14,1
english_setter_133,14,1
english_setter_124,14,1
english_setter_187,14,1
english_setter_137,14,1
english_setter_110,14,1
english_setter_174,14,1
english_setter_111,14,1
english_setter_16,14,1
english_setter_145,14,1
english_setter_129,14,1
english_setter_179,14,1
english_setter_11,14,1
english_setter_109,14,1
english_setter_146,14,1
english_setter_13,14,1
english_setter_147,14,1
english_setter_185,14,1
english_setter_12,14,1
english_setter_104,14,1
english_setter_176,14,1
english_setter_100,14,1
english_setter_159,14,1
english_setter_123,14,1
english_setter_166,14,1
english_setter_156,14,1
german_shorthaired_162,15,1
german_shorthaired_118,15,1
german_shorthaired_142,15,1
german_shorthaired_181,15,1
german_shorthaired_156,15,1
german_shorthaired_169,15,1
german_shorthaired_188,15,1
german_shorthaired_149,15,1
german_shorthaired_148,15,1
german_shorthaired_123,15,1
german_shorthaired_160,15,1
german_shorthaired_116,15,1
german_shorthaired_144,15,1
german_shorthaired_146,15,1
german_shorthaired_174,15,1
german_shorthaired_127,15,1
german_shorthaired_179,15,1
german_shorthaired_187,15,1
german_shorthaired_166,15,1
german_shorthaired_172,15,1
german_shorthaired_182,15,1
german_shorthaired_131,15,1
german_shorthaired_157,15,1
german_shorthaired_106,15,1
german_shorthaired_161,15,1
german_shorthaired_122,15,1
german_shorthaired_137,15,1
german_shorthaired_125,15,1
german_shorthaired_153,15,1
german_shorthaired_18,15,1
great_pyrenees_180,16,1
great_pyrenees_11,16,1
great_pyrenees_105,16,1
great_pyrenees_188,16,1
great_pyrenees_187,16,1
great_pyrenees_108,16,1
great_pyrenees_140,16,1
great_pyrenees_122,16,1
great_pyrenees_155,16,1
great_pyrenees_106,16,1
great_pyrenees_150,16,1
great_pyrenees_176,16,1
great_pyrenees_115,16,1
great_pyrenees_100,16,1
great_pyrenees_116,16,1
great_pyrenees_190,16,1
great_pyrenees_153,16,1
great_pyrenees_110,16,1
great_pyrenees_147,16,1
great_pyrenees_148,16,1
great_pyrenees_173,16,1
great_pyrenees_120,16,1
great_pyrenees_143,16,1
great_pyrenees_15,16,1
great_pyrenees_104,16,1
great_pyrenees_172,16,1
great_pyrenees_117,16,1
great_pyrenees_185,16,1
great_pyrenees_16,16,1
great_pyrenees_107,16,1
havanese_119,17,1
havanese_176,17,1
havanese_102,17,1
havanese_168,17,1
havanese_182,17,1
havanese_184,17,1
havanese_118,17,1
havanese_171,17,1
havanese_113,17,1
havanese_123,17,1
havanese_122,17,1
havanese_144,17,1
havanese_139,17,1
havanese_125,17,1
havanese_173,17,1
havanese_13,17,1
havanese_149,17,1
havanese_157,17,1
havanese_114,17,1
havanese_100,17,1
havanese_111,17,1
havanese_159,17,1
havanese_133,17,1
havanese_158,17,1
havanese_185,17,1
havanese_128,17,1
havanese_131,17,1
havanese_109,17,1
havanese_151,17,1
havanese_121,17,1
japanese_chin_152,18,1
japanese_chin_176,18,1
japanese_chin_133,18,1
japanese_chin_154,18,1
japanese_chin_144,18,1
japanese_chin_163,18,1
japanese_chin_128,18,1
japanese_chin_165,18,1
japanese_chin_117,18,1
japanese_chin_142,18,1
japanese_chin_155,18,1
japanese_chin_168,18,1
japanese_chin_119,18,1
japanese_chin_183,18,1
japanese_chin_118,18,1
japanese_chin_132,18,1
japanese_chin_184,18,1
japanese_chin_153,18,1
japanese_chin_151,18,1
japanese_chin_13,18,1
japanese_chin_147,18,1
japanese_chin_11,18,1
japanese_chin_141,18,1
japanese_chin_161,18,1
japanese_chin_127,18,1
japanese_chin_123,18,1
japanese_chin_114,18,1
japanese_chin_143,18,1
japanese_chin_145,18,1
japanese_chin_182,18,1
keeshond_166,19,1
keeshond_160,19,1
keeshond_188,19,1
keeshond_159,19,1
keeshond_144,19,1
keeshond_169,19,1
keeshond_148,19,1
keeshond_146,19,1
keeshond_136,19,1
keeshond_175,19,1
keeshond_108,19,1
keeshond_187,19,1
keeshond_106,19,1
keeshond_178,19,1
keeshond_142,19,1
keeshond_112,19,1
keeshond_16,19,1
keeshond_120,19,1
keeshond_131,19,1
keeshond_116,19,1
keeshond_135,19,1
keeshond_171,19,1
keeshond_124,19,1
keeshond_114,19,1
keeshond_150,19,1
keeshond_115,19,1
keeshond_133,19,1
keeshond_158,19,1
keeshond_147,19,1
keeshond_137,19,1
leonberger_137,20,1
leonberger_172,20,1
leonberger_186,20,1
leonberger_144,20,1
leonberger_176,20,1
leonberger_168,20,1
leonberger_106,20,1
leonberger_100,20,1
leonberger_150,20,1
leonberger_175,20,1
leonberger_115,20,1
leonberger_182,20,1
leonberger_130,20,1
leonberger_129,20,1
leonberger_119,20,1
leonberger_105,20,1
leonberger_15,20,1
leonberger_126,20,1
leonberger_164,20,1
leonberger_102,20,1
leonberger_165,20,1
leonberger_142,20,1
leonberger_131,20,1
leonberger_146,20,1
leonberger_113,20,1
leonberger_184,20,1
leonberger_170,20,1
leonberger_151,20,1
leonberger_152,20,1
leonberger_140,20,1
Maine_Coon_182,21,0
Maine_Coon_119,21,0
Maine_Coon_116,21,0
Maine_Coon_128,21,0
Maine_Coon_19,21,0
Maine_Coon_18,21,0
Maine_Coon_1,21,0
Maine_Coon_151,21,0
Maine_Coon_14,21,0
Maine_Coon_174,21,0
Maine_Coon_154,21,0
Maine_Coon_148,21,0
Maine_Coon_133,21,0
Maine_Coon_191,21,0
Maine_Coon_132,21,0
Maine_Coon_161,21,0
Maine_Coon_106,21,0
Maine_Coon_210,21,0
Maine_Coon_152,21,0
Maine_Coon_187,21,0
Maine_Coon_159,21,0
Maine_Coon_155,21,0
Maine_Coon_167,21,0
Maine_Coon_213,21,0
Maine_Coon_194,21,0
Maine_Coon_168,21,0
Maine_Coon_184,21,0
Maine_Coon_164,21,0
Maine_Coon_124,21,0
Maine_Coon_135,21,0
miniature_pinscher_132,22,1
miniature_pinscher_188,22,1
miniature_pinscher_126,22,1
miniature_pinscher_137,22,1
miniature_pinscher_171,22,1
miniature_pinscher_122,22,1
miniature_pinscher_164,22,1
miniature_pinscher_119,22,1
miniature_pinscher_136,22,1
miniature_pinscher_145,22,1
miniature_pinscher_135,22,1
miniature_pinscher_104,22,1
miniature_pinscher_129,22,1
miniature_pinscher_179,22,1
miniature_pinscher_159,22,1
miniature_pinscher_121,22,1
miniature_pinscher_161,22,1
miniature_pinscher_148,22,1
miniature_pinscher_184,22,1
miniature_pinscher_187,22,1
miniature_pinscher_127,22,1
miniature_pinscher_183,22,1
miniature_pinscher_103,22,1
miniature_pinscher_113,22,1
miniature_pinscher_107,22,1
miniature_pinscher_117,22,1
miniature_pinscher_18,22,1
miniature_pinscher_110,22,1
miniature_pinscher_102,22,1
miniature_pinscher_151,22,1
newfoundland_161,23,1
newfoundland_103,23,1
newfoundland_131,23,1
newfoundland_115,23,1
newfoundland_188,23,1
newfoundland_145,23,1
newfoundland_172,23,1
newfoundland_180,23,1
newfoundland_111,23,1
newfoundland_109,23,1
newfoundland_136,23,1
newfoundland_162,23,1
newfoundland_148,23,1
newfoundland_185,23,1
newfoundland_150,23,1
newfoundland_163,23,1
newfoundland_12,23,1
newfoundland_159,23,1
newfoundland_149,23,1
newfoundland_181,23,1
newfoundland_127,23,1
newfoundland_165,23,1
newfoundland_15,23,1
newfoundland_169,23,1
newfoundland_160,23,1
newfoundland_139,23,1
newfoundland_16,23,1
newfoundland_183,23,1
newfoundland_141,23,1
newfoundland_142,23,1
Persian_102,24,0
Persian_152,24,0
Persian_200,24,0
Persian_169,24,0
Persian_171,24,0
Persian_170,24,0
Persian_194,24,0
Persian_138,24,0
Persian_129,24,0
Persian_150,24,0
Persian_139,24,0
Persian_18,24,0
Persian_134,24,0
Persian_213,24,0
Persian_106,24,0
Persian_118,24,0
Persian_101,24,0
Persian_136,24,0
Persian_108,24,0
Persian_147,24,0
Persian_112,24,0
Persian_133,24,0
Persian_145,24,0
Persian_192,24,0
Persian_140,24,0
Persian_179,24,0
Persian_20,24,0
Persian_100,24,0
Persian_115,24,0
Persian_202,24,0
pomeranian_114,25,1
pomeranian_128,25,1
pomeranian_14,25,1
pomeranian_188,25,1
pomeranian_17,25,1
pomeranian_158,25,1
pomeranian_172,25,1
pomeranian_169,25,1
pomeranian_126,25,1
pomeranian_174,25,1
pomeranian_123,25,1
pomeranian_134,25,1
pomeranian_140,25,1
pomeranian_122,25,1
pomeranian_102,25,1
pomeranian_130,25,1
pomeranian_166,25,1
pomeranian_175,25,1
pomeranian_186,25,1
pomeranian_159,25,1
pomeranian_167,25,1
pomeranian_142,25,1
pomeranian_157,25,1
pomeranian_184,25,1
pomeranian_129,25,1
pomeranian_178,25,1
pomeranian_179,25,1
pomeranian_147,25,1
pomeranian_103,25,1
pomeranian_12,25,1
pug_168,26,1
pug_126,26,1
pug_114,26,1
pug_127,26,1
pug_185,26,1
pug_100,26,1
pug_159,26,1
pug_109,26,1
pug_142,26,1
pug_146,26,1
pug_169,26,1
pug_162,26,1
pug_175,26,1
pug_110,26,1
pug_189,26,1
pug_173,26,1
pug_143,26,1
pug_15,26,1
pug_157,26,1
pug_148,26,1
pug_129,26,1
pug_149,26,1
pug_122,26,1
pug_177,26,1
pug_150,26,1
pug_134,26,1
pug_16,26,1
pug_156,26,1
pug_180,26,1
pug_186,26,1
Ragdoll_199,27,0
Ragdoll_171,27,0
Ragdoll_143,27,0
Ragdoll_105,27,0
Ragdoll_175,27,0
Ragdoll_107,27,0
Ragdoll_186,27,0
Ragdoll_104,27,0
Ragdoll_185,27,0
Ragdoll_12,27,0
Ragdoll_117,27,0
Ragdoll_183,27,0
Ragdoll_142,27,0
Ragdoll_177,27,0
Ragdoll_174,27,0
Ragdoll_170,27,0
Ragdoll_16,27,0
Ragdoll_112,27,0
Ragdoll_124,27,0
Ragdoll_119,27,0
Ragdoll_189,27,0
Ragdoll_126,27,0
Ragdoll_190,27,0
Ragdoll_122,27,0
Ragdoll_100,27,0
Ragdoll_128,27,0
Ragdoll_1,27,0
Ragdoll_129,27,0
Ragdoll_155,27,0
Ragdoll_176,27,0
Russian_Blue_193,28,0
Russian_Blue_106,28,0
Russian_Blue_135,28,0
Russian_Blue_140,28,0
Russian_Blue_131,28,0
Russian_Blue_155,28,0
Russian_Blue_149,28,0
Russian_Blue_120,28,0
Russian_Blue_158,28,0
Russian_Blue_132,28,0
Russian_Blue_115,28,0
Russian_Blue_112,28,0
Russian_Blue_177,28,0
Russian_Blue_164,28,0
Russian_Blue_182,28,0
Russian_Blue_179,28,0
Russian_Blue_144,28,0
Russian_Blue_172,28,0
Russian_Blue_103,28,0
Russian_Blue_166,28,0
Russian_Blue_162,28,0
Russian_Blue_187,28,0
Russian_Blue_173,28,0
Russian_Blue_133,28,0
Russian_Blue_174,28,0
Russian_Blue_104,28,0
Russian_Blue_153,28,0
Russian_Blue_142,28,0
Russian_Blue_145,28,0
Russian_Blue_175,28,0
saint_bernard_159,29,1
saint_bernard_155,29,1
saint_bernard_176,29,1
saint_bernard_108,29,1
saint_bernard_122,29,1
saint_bernard_120,29,1
saint_bernard_15,29,1
saint_bernard_101,29,1
saint_bernard_128,29,1
saint_bernard_168,29,1
saint_bernard_109,29,1
saint_bernard_174,29,1
saint_bernard_16,29,1
saint_bernard_184,29,1
saint_bernard_10,29,1
saint_bernard_171,29,1
saint_bernard_136,29,1
saint_bernard_133,29,1
saint_bernard_180,29,1
saint_bernard_178,29,1
saint_bernard_140,29,1
saint_bernard_111,29,1
saint_bernard_149,29,1
saint_bernard_147,29,1
saint_bernard_157,29,1
saint_bernard_135,29,1
saint_bernard_179,29,1
saint_bernard_123,29,1
saint_bernard_150,29,1
saint_bernard_142,29,1
samoyed_132,30,1
samoyed_105,30,1
samoyed_164,30,1
samoyed_126,30,1
samoyed_121,30,1
samoyed_11,30,1
samoyed_115,30,1
samoyed_109,30,1
samoyed_127,30,1
samoyed_188,30,1
samoyed_165,30,1
samoyed_187,30,1
samoyed_103,30,1
samoyed_170,30,1
samoyed_120,30,1
samoyed_138,30,1
samoyed_189,30,1
samoyed_150,30,1
samoyed_162,30,1
samoyed_157,30,1
samoyed_101,30,1
samoyed_142,30,1
samoyed_181,30,1
samoyed_173,30,1
samoyed_113,30,1
samoyed_143,30,1
samoyed_111,30,1
samoyed_151,30,1
samoyed_146,30,1
samoyed_15,30,1
scottish_terrier_158,31,1
scottish_terrier_182,31,1
scottish_terrier_181,31,1
scottish_terrier_100,31,1
scottish_terrier_188,31,1
scottish_terrier_103,31,1
scottish_terrier_138,31,1
scottish_terrier_137,31,1
scottish_terrier_18,31,1
scottish_terrier_159,31,1
scottish_terrier_147,31,1
scottish_terrier_157,31,1
scottish_terrier_145,31,1
scottish_terrier_178,31,1
scottish_terrier_136,31,1
scottish_terrier_185,31,1
scottish_terrier_166,31,1
scottish_terrier_167,31,1
scottish_terrier_168,31,1
scottish_terrier_169,31,1
scottish_terrier_151,31,1
scottish_terrier_189,31,1
scottish_terrier_187,31,1
scottish_terrier_135,31,1
scottish_terrier_175,31,1
scottish_terrier_102,31,1
scottish_terrier_112,31,1
scottish_terrier_152,31,1
scottish_terrier_126,31,1
scottish_terrier_141,31,1
shiba_inu_114,32,1
shiba_inu_191,32,1
shiba_inu_104,32,1
shiba_inu_19,32,1
shiba_inu_15,32,1
shiba_inu_142,32,1
shiba_inu_168,32,1
shiba_inu_101,32,1
shiba_inu_129,32,1
shiba_inu_185,32,1
shiba_inu_164,32,1
shiba_inu_173,32,1
shiba_inu_170,32,1
shiba_inu_178,32,1
shiba_inu_165,32,1
shiba_inu_103,32,1
shiba_inu_10,32,1
shiba_inu_187,32,1
shiba_inu_18,32,1
shiba_inu_125,32,1
shiba_inu_181,32,1
shiba_inu_175,32,1
shiba_inu_153,32,1
shiba_inu_150,32,1
shiba_inu_152,32,1
shiba_inu_109,32,1
shiba_inu_177,32,1
shiba_inu_144,32,1
shiba_inu_14,32,1
shiba_inu_115,32,1
Siamese_108,33,0
Siamese_178,33,0
Siamese_198,33,0
Siamese_133,33,0
Siamese_120,33,0
Siamese_148,33,0
Siamese_191,33,0
Siamese_206,33,0
Siamese_181,33,0
Siamese_143,33,0
Siamese_169,33,0
Siamese_158,33,0
Siamese_174,33,0
Siamese_156,33,0
Siamese_193,33,0
Siamese_150,33,0
Siamese_140,33,0
Siamese_168,33,0
Siamese_189,33,0
Siamese_104,33,0
Siamese_164,33,0
Siamese_186,33,0
Siamese_109,33,0
Siamese_172,33,0
Siamese_102,33,0
Siamese_180,33,0
Siamese_116,33,0
Siamese_18,33,0
Siamese_152,33,0
Siamese_200,33,0
Sphynx_112,34,0
Sphynx_170,34,0
Sphynx_160,34,0
Sphynx_196,34,0
Sphynx_15,34,0
Sphynx_176,34,0
Sphynx_1,34,0
Sphynx_167,34,0
Sphynx_145,34,0
Sphynx_186,34,0
Sphynx_125,34,0
Sphynx_126,34,0
Sphynx_129,34,0
Sphynx_11,34,0
Sphynx_124,34,0
Sphynx_151,34,0
Sphynx_127,34,0
Sphynx_165,34,0
Sphynx_183,34,0
Sphynx_178,34,0
Sphynx_187,34,0
Sphynx_185,34,0
Sphynx_144,34,0
Sphynx_122,34,0
Sphynx_146,34,0
Sphynx_159,34,0
Sphynx_193,34,0
Sphynx_203,34,0
Sphynx_111,34,0
Sphynx_115,34,0
staffordshire_bull_terrier_125,35,1
staffordshire_bull_terrier_192,35,1
staffordshire_bull_terrier_185,35,1
staffordshire_bull_terrier_181,35,1
staffordshire_bull_terrier_127,35,1
staffordshire_bull_terrier_170,35,1
staffordshire_bull_terrier_145,35,1
staffordshire_bull_terrier_112,35,1
staffordshire_bull_terrier_15,35,1
staffordshire_bull_terrier_136,35,1
staffordshire_bull_terrier_168,35,1
staffordshire_bull_terrier_189,35,1
staffordshire_bull_terrier_110,35,1
staffordshire_bull_terrier_10,35,1
staffordshire_bull_terrier_118,35,1
staffordshire_bull_terrier_190,35,1
staffordshire_bull_terrier_156,35,1
staffordshire_bull_terrier_133,35,1
staffordshire_bull_terrier_151,35,1
staffordshire_bull_terrier_122,35,1
staffordshire_bull_terrier_191,35,1
staffordshire_bull_terrier_115,35,1
staffordshire_bull_terrier_183,35,1
staffordshire_bull_terrier_128,35,1
staffordshire_bull_terrier_102,35,1
staffordshire_bull_terrier_179,35,1
staffordshire_bull_terrier_195,35,1
staffordshire_bull_terrier_167,35,1
staffordshire_bull_terrier_186,35,1
staffordshire_bull_terrier_108,35,1
wheaten_terrier_155,36,1
wheaten_terrier_105,36,1
wheaten_terrier_189,36,1
wheaten_terrier_187,36,1
wheaten_terrier_12,36,1
wheaten_terrier_129,36,1
wheaten_terrier_119,36,1
wheaten_terrier_162,36,1
wheaten_terrier_106,36,1
wheaten_terrier_150,36,1
wheaten_terrier_125,36,1
wheaten_terrier_174,36,1
wheaten_terrier_131,36,1
wheaten_terrier_111,36,1
wheaten_terrier_166,36,1
wheaten_terrier_110,36,1
wheaten_terrier_183,36,1
wheaten_terrier_123,36,1
wheaten_terrier_178,36,1
wheaten_terrier_116,36,1
wheaten_terrier_108,36,1
wheaten_terrier_126,36,1
wheaten_terrier_163,36,1
wheaten_terrier_14,36,1
wheaten_terrier_121,36,1
wheaten_terrier_103,36,1
wheaten_terrier_144,36,1
wheaten_terrier_188,36,1
wheaten_terrier_181,36,1
wheaten_terrier_177,36,1
yorkshire_terrier_153,37,1
yorkshire_terrier_106,37,1
yorkshire_terrier_141,37,1
yorkshire_terrier_129,37,1
yorkshire_terrier_160,37,1
yorkshire_terrier_137,37,1
yorkshire_terrier_189,37,1
yorkshire_terrier_188,37,1
yorkshire_terrier_158,37,1
yorkshire_terrier_169,37,1
yorkshire_terrier_124,37,1
yorkshire_terrier_184,37,1
yorkshire_terrier_177,37,1
yorkshire_terrier_144,37,1
yorkshire_terrier_154,37,1
yorkshire_terrier_12,37,1
yorkshire_terrier_152,37,1
yorkshire_terrier_130,37,1
yorkshire_terrier_13,37,1
yorkshire_terrier_136,37,1
yorkshire_terrier_167,37,1
yorkshire_terrier_18,37,1
yorkshire_terrier_111,37,1
yorkshire_terrier_149,37,1
yorkshire_terrier_123,37,1
yorkshire_terrier_164,37,1
yorkshire_terrier_103,37,1
yorkshire_terrier_176,37,1
yorkshire_terrier_163,37,1
yorkshire_terrier_105,37,1
